{
  "solovay_kitaev_recursion": 1,
  "transpilation_clifford_t_time": 38.76674818992615,
  "t_count": 0,
  "tdg_count": 34400,
  "total_t_family_count": 34400,
  "compilation_precision_digits": null,
  "two_qubit_gate_interaction_pairs": {
    "(0, 1)": 80,
    "(1, 2)": 80,
    "(2, 3)": 80,
    "(3, 4)": 80,
    "(4, 5)": 80,
    "(0, 6)": 80,
    "(0, 5)": 80,
    "(1, 7)": 80,
    "(6, 7)": 80,
    "(2, 8)": 80,
    "(7, 8)": 80,
    "(3, 9)": 80,
    "(8, 9)": 80,
    "(4, 10)": 80,
    "(9, 10)": 80,
    "(5, 11)": 80,
    "(10, 11)": 80,
    "(6, 12)": 80,
    "(6, 11)": 80,
    "(7, 13)": 80,
    "(12, 13)": 80,
    "(8, 14)": 80,
    "(13, 14)": 80,
    "(9, 15)": 80,
    "(14, 15)": 80,
    "(10, 16)": 80,
    "(15, 16)": 80,
    "(11, 17)": 80,
    "(16, 17)": 80,
    "(12, 18)": 80,
    "(12, 17)": 80,
    "(13, 19)": 80,
    "(18, 19)": 80,
    "(14, 20)": 80,
    "(19, 20)": 80,
    "(15, 21)": 80,
    "(20, 21)": 80,
    "(16, 22)": 80,
    "(21, 22)": 80,
    "(17, 23)": 80,
    "(22, 23)": 80,
    "(18, 24)": 80,
    "(18, 23)": 80,
    "(19, 25)": 80,
    "(24, 25)": 80,
    "(20, 26)": 80,
    "(25, 26)": 80,
    "(21, 27)": 80,
    "(26, 27)": 80,
    "(22, 28)": 80,
    "(27, 28)": 80,
    "(23, 29)": 80,
    "(28, 29)": 80,
    "(24, 30)": 80,
    "(24, 29)": 80,
    "(25, 31)": 80,
    "(30, 31)": 80,
    "(0, 30)": 80,
    "(26, 32)": 80,
    "(31, 32)": 80,
    "(1, 31)": 80,
    "(27, 33)": 80,
    "(32, 33)": 80,
    "(2, 32)": 80,
    "(28, 34)": 80,
    "(33, 34)": 80,
    "(3, 33)": 80,
    "(29, 35)": 80,
    "(34, 35)": 80,
    "(4, 34)": 80,
    "(30, 35)": 80,
    "(5, 35)": 80
  },
  "total_two_qubit_gates": 5760,
  "qubit_interaction_degree": {
    "0": 320,
    "1": 320,
    "2": 320,
    "3": 320,
    "4": 320,
    "5": 320,
    "6": 320,
    "7": 320,
    "8": 320,
    "9": 320,
    "10": 320,
    "11": 320,
    "12": 320,
    "13": 320,
    "14": 320,
    "15": 320,
    "16": 320,
    "17": 320,
    "18": 320,
    "19": 320,
    "20": 320,
    "21": 320,
    "22": 320,
    "23": 320,
    "24": 320,
    "25": 320,
    "26": 320,
    "27": 320,
    "28": 320,
    "29": 320,
    "30": 320,
    "31": 320,
    "32": 320,
    "33": 320,
    "34": 320,
    "35": 320
  },
  "interaction_graph_density": 9.142857142857142,
  "avg_qubit_interaction_degree": 320.0,
  "std_qubit_interaction_degree": 0.0,
  "max_qubit_interaction_degree": 320,
  "interaction_graph_num_nodes": 36,
  "interaction_graph_num_edges": 72,
  "interaction_graph_is_connected": true,
  "interaction_graph_num_connected_components": 1,
  "interaction_graph_avg_degree": 4.0,
  "interaction_graph_std_degree": 0.0,
  "interaction_graph_min_degree": 4,
  "interaction_graph_max_degree": 4,
  "interaction_graph_degree_distribution": {
    "4": 36
  },
  "interaction_graph_avg_edge_weight": 80.0,
  "interaction_graph_std_edge_weight": 0.0,
  "interaction_graph_min_edge_weight": 80,
  "interaction_graph_max_edge_weight": 80,
  "interaction_graph_total_interactions": 5760,
  "interaction_graph_edge_weight_distribution": {
    "80": 72
  },
  "interaction_graph_clustering_coefficient": 0.0,
  "interaction_graph_avg_shortest_path_length": 3.085714285714286,
  "interaction_graph_diameter": 6,
  "interaction_graph_modularity": 0.4027777777777778,
  "interaction_graph_num_communities": 5,
  "interaction_graph_community_sizes": [
    6,
    12,
    6,
    6,
    6
  ],
  "interaction_graph_communities": [
    [
      0,
      1,
      35,
      5,
      30,
      31
    ],
    [
      32,
      33,
      2,
      3,
      8,
      9,
      14,
      15,
      20,
      21,
      26,
      27
    ],
    [
      16,
      34,
      4,
      22,
      10,
      28
    ],
    [
      17,
      6,
      7,
      11,
      12,
      13
    ],
    [
      18,
      19,
      23,
      24,
      25,
      29
    ]
  ],
  "interaction_graph_avg_community_size": 7.2,
  "interaction_graph_std_community_size": 2.4000000000000004,
  "interaction_graph_min_community_size": 6,
  "interaction_graph_max_community_size": 12,
  "clifford_gate_count": 31560,
  "detailed_clifford_counts": {
    "cx": 5760,
    "h": 8600,
    "s": 17200
  },
  "depth": 14640,
  "t_gates_per_qubit": {
    "1": 640,
    "2": 640,
    "3": 640,
    "4": 640,
    "5": 960,
    "6": 640,
    "7": 960,
    "8": 960,
    "9": 960,
    "10": 960,
    "11": 1280,
    "12": 640,
    "13": 960,
    "14": 960,
    "15": 960,
    "16": 960,
    "17": 1280,
    "18": 640,
    "19": 960,
    "20": 960,
    "21": 960,
    "22": 960,
    "23": 1280,
    "24": 640,
    "25": 960,
    "26": 960,
    "27": 960,
    "28": 960,
    "29": 1280,
    "30": 960,
    "31": 1280,
    "0": 320,
    "32": 1280,
    "33": 1280,
    "34": 1280,
    "35": 1440
  },
  "avg_t_gates_per_qubit": 955.5555555555555,
  "std_t_gates_per_qubit": 251.5335679436626,
  "max_t_gates_on_any_qubit": 1440,
  "total_gate_count": 65960,
  "num_qubits": 36,
  "fidelity": null,
  "fidelity_method": "skipped",
  "pre_opt_rotation_operators": 34400,
  "pre_opt_measurement_operators": 36,
  "pre_opt_avg_operator_pauli_weight": 1.3345336275990243,
  "pre_opt_std_operator_pauli_weight": 0.4718271713291442,
  "pre_opt_max_operator_pauli_weight": 2,
  "pre_opt_avg_qubit_interaction_degree": 640.0,
  "pre_opt_std_qubit_interaction_degree": 0.0,
  "pre_opt_max_qubit_interaction_degree": 640,
  "pbc_t_operators": 0,
  "pbc_measurement_operators": 36,
  "pbc_total_operators": 36,
  "pbc_avg_pauli_weight": 1.0,
  "pbc_std_pauli_weight": 0.0,
  "pbc_max_pauli_weight": 1,
  "pbc_min_pauli_weight": 1,
  "pbc_pauli_weight_distribution": {
    "1": 36
  },
  "pbc_multi_qubit_operator_interaction_pairs": {},
  "pbc_qubit_interaction_degree": {},
  "pbc_avg_qubit_interaction_degree": "Not computable: no multi-qubit operators",
  "pbc_std_qubit_interaction_degree": "Not computable: no multi-qubit operators",
  "pbc_max_qubit_interaction_degree": "Not computable: no multi-qubit operators",
  "pbc_interaction_graph_num_nodes": 36,
  "pbc_interaction_graph_num_edges": 72,
  "pbc_interaction_graph_is_connected": true,
  "pbc_interaction_graph_num_connected_components": 1,
  "pbc_interaction_graph_avg_degree": 4.0,
  "pbc_interaction_graph_std_degree": 0.0,
  "pbc_interaction_graph_min_degree": 4,
  "pbc_interaction_graph_max_degree": 4,
  "pbc_interaction_graph_degree_distribution": {
    "4": 36
  },
  "pbc_interaction_graph_avg_edge_weight": 160.0,
  "pbc_interaction_graph_std_edge_weight": 0.0,
  "pbc_interaction_graph_min_edge_weight": 160,
  "pbc_interaction_graph_max_edge_weight": 160,
  "pbc_interaction_graph_total_interactions": 11520,
  "pbc_interaction_graph_edge_weight_distribution": {
    "160": 72
  },
  "pbc_interaction_graph_clustering_coefficient": 0.0,
  "pbc_interaction_graph_avg_shortest_path_length": 3.085714285714286,
  "pbc_interaction_graph_diameter": 6,
  "pbc_interaction_graph_modularity": 0.4166666666666667,
  "pbc_interaction_graph_num_communities": 6,
  "pbc_interaction_graph_community_sizes": [
    6,
    6,
    6,
    6,
    6,
    6
  ],
  "pbc_interaction_graph_communities": [
    [
      0,
      1,
      32,
      2,
      30,
      31
    ],
    [
      6,
      7,
      8,
      12,
      13,
      14
    ],
    [
      3,
      4,
      5,
      9,
      10,
      11
    ],
    [
      16,
      17,
      21,
      22,
      23,
      15
    ],
    [
      18,
      19,
      20,
      24,
      25,
      26
    ],
    [
      33,
      34,
      35,
      27,
      28,
      29
    ]
  ],
  "pbc_interaction_graph_avg_community_size": 6.0,
  "pbc_interaction_graph_std_community_size": 0.0,
  "pbc_interaction_graph_min_community_size": 6,
  "pbc_interaction_graph_max_community_size": 6,
  "pbc_total_multi_qubit_operator_applications_on_pairs": 0,
  "pre_opt_avg_rotations_per_layer": "Not computable: missing data",
  "pre_opt_num_measurement_ops": 36,
  "pre_opt_std_pauli_weight": 0.4718271713291442,