{
  "solovay_kitaev_recursion": 2,
  "transpilation_clifford_t_time": 2889.6007380485535,
  "t_count": 2159434,
  "tdg_count": 2763821,
  "total_t_family_count": 4923255,
  "compilation_precision_digits": null,
  "two_qubit_gate_interaction_pairs": {
    "(0, 8)": 236,
    "(0, 9)": 216,
    "(8, 9)": 16830,
    "(10, 11)": 2551,
    "(0, 10)": 242,
    "(8, 10)": 12240,
    "(9, 10)": 10200,
    "(0, 11)": 122,
    "(8, 11)": 6120,
    "(9, 11)": 3060,
    "(1, 8)": 472,
    "(1, 9)": 432,
    "(1, 10)": 484,
    "(1, 11)": 244,
    "(2, 8)": 944,
    "(2, 9)": 864,
    "(2, 10)": 968,
    "(2, 11)": 488,
    "(3, 8)": 1888,
    "(3, 9)": 1728,
    "(3, 10)": 1936,
    "(3, 11)": 976,
    "(4, 8)": 3776,
    "(4, 9)": 3456,
    "(4, 10)": 3872,
    "(4, 11)": 1952,
    "(5, 8)": 7552,
    "(5, 9)": 6912,
    "(5, 10)": 7744,
    "(5, 11)": 3904,
    "(6, 8)": 15104,
    "(6, 9)": 13824,
    "(6, 10)": 15488,
    "(6, 11)": 7808,
    "(7, 8)": 30208,
    "(7, 9)": 27648,
    "(7, 10)": 30976,
    "(7, 11)": 15616,
    "(6, 7)": 2,
    "(5, 7)": 2,
    "(5, 6)": 2,
    "(4, 7)": 2,
    "(4, 6)": 2,
    "(4, 5)": 2,
    "(3, 7)": 2,
    "(3, 6)": 2,
    "(3, 5)": 2,
    "(3, 4)": 2,
    "(2, 7)": 2,
    "(2, 6)": 2,
    "(2, 5)": 2,
    "(2, 4)": 2,
    "(2, 3)": 2,
    "(1, 7)": 2,
    "(0, 7)": 2,
    "(1, 6)": 2,
    "(1, 5)": 2,
    "(1, 4)": 2,
    "(1, 3)": 2,
    "(1, 2)": 2,
    "(0, 6)": 2,
    "(0, 5)": 2,
    "(0, 4)": 2,
    "(0, 3)": 2,
    "(0, 2)": 2,
    "(0, 1)": 2
  },
  "total_two_qubit_gates": 259137,
  "qubit_interaction_degree": {
    "0": 830,
    "8": 95370,
    "9": 85170,
    "11": 42841,
    "10": 86701,
    "1": 1646,
    "2": 3278,
    "3": 6542,
    "4": 13070,
    "5": 26126,
    "6": 52238,
    "7": 104462
  },
  "interaction_graph_density": 3926.318181818182,
  "avg_qubit_interaction_degree": 43189.5,
  "std_qubit_interaction_degree": 38588.89918854039,
  "max_qubit_interaction_degree": 104462,
  "interaction_graph_num_nodes": 12,
  "interaction_graph_num_edges": 66,
  "interaction_graph_is_connected": true,
  "interaction_graph_num_connected_components": 1,
  "interaction_graph_avg_degree": 11.0,
  "interaction_graph_std_degree": 0.0,
  "interaction_graph_min_degree": 11,
  "interaction_graph_max_degree": 11,
  "interaction_graph_degree_distribution": {
    "11": 12
  },
  "interaction_graph_avg_edge_weight": 3926.318181818182,
  "interaction_graph_std_edge_weight": 7191.460527596077,
  "interaction_graph_min_edge_weight": 2,
  "interaction_graph_max_edge_weight": 30976,
  "interaction_graph_total_interactions": 259137,
  "interaction_graph_edge_weight_distribution": {
    "236": 1,
    "216": 1,
    "242": 1,
    "122": 1,
    "2": 28,
    "472": 1,
    "432": 1,
    "484": 1,
    "244": 1,
    "944": 1,
    "864": 1,
    "968": 1,
    "488": 1,
    "1888": 1,
    "1728": 1,
    "1936": 1,
    "976": 1,
    "3776": 1,
    "3456": 1,
    "3872": 1,
    "1952": 1,
    "7552": 1,
    "6912": 1,
    "7744": 1,
    "3904": 1,
    "15104": 1,
    "13824": 1,
    "15488": 1,
    "7808": 1,
    "30208": 1,
    "27648": 1,
    "30976": 1,
    "15616": 1,
    "16830": 1,
    "12240": 1,
    "6120": 1,
    "10200": 1,
    "3060": 1,
    "2551": 1
  },
  "interaction_graph_clustering_coefficient": 1.0,
  "interaction_graph_avg_shortest_path_length": 1.0,
  "interaction_graph_diameter": 1,
  "interaction_graph_modularity": 0.0,
  "interaction_graph_num_communities": 1,
  "interaction_graph_community_sizes": [
    12
  ],
  "interaction_graph_communities": [
    [
      0,
      1,
      2,
      3,
      4,
      5,
      6,
      7,
      8,
      9,
      10,
      11
    ]
  ],
  "interaction_graph_avg_community_size": 12.0,
  "interaction_graph_std_community_size": 0.0,
  "interaction_graph_min_community_size": 12,
  "interaction_graph_max_community_size": 12,
  "clifford_gate_count": 4201174,
  "detailed_clifford_counts": {
    "h": 3560764,
    "s": 340963,
    "sdg": 40306,
    "reset": 4,
    "cx": 259137
  },
  "depth": 6706165,
  "t_gates_per_qubit": {
    "0": 3066,
    "1": 6039,
    "2": 11990,
    "3": 23817,
    "4": 47430,
    "5": 94546,
    "6": 188811,
    "7": 377432,
    "8": 1517760,
    "9": 1575135,
    "10": 742151,
    "11": 335078
  },
  "avg_t_gates_per_qubit": 410271.25,
  "std_t_gates_per_qubit": 549081.8863201137,
  "max_t_gates_on_any_qubit": 1575135,
  "total_gate_count": 9124429,
  "num_qubits": 12,
  "fidelity": null,
  "fidelity_method": "skipped",
  "pre_opt_rotation_operators": 4923255,
  "pre_opt_measurement_operators": 12,
  "pre_opt_avg_operator_pauli_weight": 4.3953657195516715,
  "pre_opt_std_operator_pauli_weight": 3.17926115452999,
  "pre_opt_max_operator_pauli_weight": 11,
  "pre_opt_avg_qubit_interaction_degree": 1696208.25,
  "pre_opt_std_qubit_interaction_degree": 567599.561025659,
  "pre_opt_max_qubit_interaction_degree": 2261890,
  "pbc_t_operators": 4923255,
  "pbc_measurement_operators": 12,
  "pbc_total_operators": 4923267,
  "pbc_avg_pauli_weight": 4.3953657195516715,
  "pbc_std_pauli_weight": 3.17926115452999,
  "pbc_max_pauli_weight": 11,
  "pbc_min_pauli_weight": 1,
  "pbc_pauli_weight_distribution": {
    "1": 1285060,
    "2": 1051909,
    "3": 364046,
    "4": 52547,
    "5": 101404,
    "6": 202808,
    "7": 405616,
    "8": 811232,
    "9": 592929,
    "10": 53918,
    "11": 1798
  },
  "pbc_multi_qubit_operator_interaction_pairs": {
    "(0, 8)": 1192585,
    "(0, 9)": 1166847,
    "(8, 9)": 216038,
    "(10, 11)": 643119,
    "(0, 10)": 20319,
    "(0, 11)": 9829,
    "(8, 10)": 16320,
    "(9, 10)": 12240,
    "(8, 11)": 10200,
    "(9, 11)": 3060,
    "(1, 8)": 1187500,
    "(0, 1)": 2245282,
    "(1, 9)": 1162480,
    "(1, 10)": 21332,
    "(1, 11)": 10763,
    "(0, 2)": 2219481,
    "(1, 2)": 2219450,
    "(2, 8)": 1177748,
    "(2, 9)": 1151134,
    "(2, 10)": 23052,
    "(2, 11)": 12661,
    "(3, 8)": 1157384,
    "(0, 3)": 2167595,
    "(1, 3)": 2167615,
    "(2, 3)": 2167584,
    "(3, 9)": 1131178,
    "(3, 10)": 26798,
    "(3, 11)": 16427,
    "(0, 4)": 2064061,
    "(1, 4)": 2064065,
    "(2, 4)": 2064085,
    "(3, 4)": 2064054,
    "(4, 8)": 1118704,
    "(4, 9)": 1086956,
    "(4, 10)": 33984,
    "(4, 11)": 23989,
    "(5, 8)": 1037184,
    "(0, 5)": 1856799,
    "(1, 5)": 1856799,
    "(2, 5)": 1856803,
    "(3, 5)": 1856823,
    "(4, 5)": 1856792,
    "(5, 9)": 1004604,
    "(5, 10)": 48662,
    "(5, 11)": 39083,
    "(0, 6)": 1442469,
    "(1, 6)": 1442477,
    "(2, 6)": 1442477,
    "(3, 6)": 1442481,
    "(4, 6)": 1442501,
    "(5, 6)": 1442470,
    "(6, 8)": 882870,
    "(6, 9)": 828956,
    "(6, 10)": 77712,
    "(6, 11)": 69301,
    "(7, 8)": 556921,
    "(0, 7)": 613623,
    "(1, 7)": 613623,
    "(2, 7)": 613631,
    "(3, 7)": 613631,
    "(4, 7)": 613635,
    "(5, 7)": 613655,
    "(6, 7)": 613624,
    "(7, 9)": 497215,
    "(7, 10)": 136118,
    "(7, 11)": 129707
  },
  "pbc_qubit_interaction_degree": {
    "0": 2261890,
    "8": 1632185,
    "9": 1521906,
    "10": 697604,
    "11": 677289,
    "1": 2253176,
    "2": 2234352,
    "3": 2198046,
    "4": 2124004,
    "5": 1977290,
    "6": 1682454,
    "7": 1094303
  },
  "pbc_avg_qubit_interaction_degree": 1696208.25,
  "pbc_std_qubit_interaction_degree": 567599.561025659,
  "pbc_max_qubit_interaction_degree": 2261890,
  "pbc_interaction_graph_num_nodes": 12,
  "pbc_interaction_graph_num_edges": 66,
  "pbc_interaction_graph_is_connected": true,
  "pbc_interaction_graph_num_connected_components": 1,
  "pbc_interaction_graph_avg_degree": 11.0,
  "pbc_interaction_graph_std_degree": 0.0,
  "pbc_interaction_graph_min_degree": 11,
  "pbc_interaction_graph_max_degree": 11,
  "pbc_interaction_graph_degree_distribution": {
    "11": 12
  },
  "pbc_interaction_graph_avg_edge_weight": 933614.6212121212,
  "pbc_interaction_graph_std_edge_weight": 766684.1538226879,
  "pbc_interaction_graph_min_edge_weight": 3060,
  "pbc_interaction_graph_max_edge_weight": 2245282,