{
  "solovay_kitaev_recursion": 1,
  "transpilation_clifford_t_time": 8.708371877670288,
  "t_count": 1600,
  "tdg_count": 6400,
  "total_t_family_count": 8000,
  "compilation_precision_digits": null,
  "two_qubit_gate_interaction_pairs": {
    "(0, 1)": 10,
    "(1, 2)": 10,
    "(2, 3)": 10,
    "(3, 4)": 10,
    "(4, 5)": 10,
    "(5, 6)": 10,
    "(6, 7)": 10,
    "(7, 8)": 10,
    "(8, 9)": 10,
    "(9, 10)": 10,
    "(10, 11)": 10,
    "(11, 12)": 10,
    "(12, 13)": 10,
    "(13, 14)": 10,
    "(14, 15)": 10,
    "(15, 16)": 10,
    "(16, 17)": 10,
    "(17, 18)": 10,
    "(18, 19)": 10,
    "(19, 20)": 10,
    "(20, 21)": 10,
    "(21, 22)": 10,
    "(22, 23)": 10,
    "(23, 24)": 10,
    "(24, 25)": 10,
    "(25, 26)": 10,
    "(26, 27)": 10,
    "(27, 28)": 10,
    "(28, 29)": 10,
    "(29, 30)": 10,
    "(30, 31)": 10,
    "(31, 32)": 10,
    "(32, 33)": 10,
    "(33, 34)": 10,
    "(34, 35)": 10,
    "(35, 36)": 10,
    "(36, 37)": 10,
    "(37, 38)": 10,
    "(38, 39)": 10,
    "(39, 40)": 10,
    "(40, 41)": 10,
    "(41, 42)": 10,
    "(42, 43)": 10,
    "(43, 44)": 10,
    "(44, 45)": 10,
    "(45, 46)": 10,
    "(46, 47)": 10,
    "(47, 48)": 10,
    "(48, 49)": 10,
    "(49, 50)": 10,
    "(50, 51)": 10,
    "(51, 52)": 10,
    "(52, 53)": 10,
    "(53, 54)": 10,
    "(54, 55)": 10,
    "(55, 56)": 10,
    "(56, 57)": 10,
    "(57, 58)": 10,
    "(58, 59)": 10,
    "(59, 60)": 10,
    "(60, 61)": 10,
    "(61, 62)": 10,
    "(62, 63)": 10,
    "(0, 63)": 10
  },
  "total_two_qubit_gates": 640,
  "qubit_interaction_degree": {
    "0": 20,
    "1": 20,
    "2": 20,
    "3": 20,
    "4": 20,
    "5": 20,
    "6": 20,
    "7": 20,
    "8": 20,
    "9": 20,
    "10": 20,
    "11": 20,
    "12": 20,
    "13": 20,
    "14": 20,
    "15": 20,
    "16": 20,
    "17": 20,
    "18": 20,
    "19": 20,
    "20": 20,
    "21": 20,
    "22": 20,
    "23": 20,
    "24": 20,
    "25": 20,
    "26": 20,
    "27": 20,
    "28": 20,
    "29": 20,
    "30": 20,
    "31": 20,
    "32": 20,
    "33": 20,
    "34": 20,
    "35": 20,
    "36": 20,
    "37": 20,
    "38": 20,
    "39": 20,
    "40": 20,
    "41": 20,
    "42": 20,
    "43": 20,
    "44": 20,
    "45": 20,
    "46": 20,
    "47": 20,
    "48": 20,
    "49": 20,
    "50": 20,
    "51": 20,
    "52": 20,
    "53": 20,
    "54": 20,
    "55": 20,
    "56": 20,
    "57": 20,
    "58": 20,
    "59": 20,
    "60": 20,
    "61": 20,
    "62": 20,
    "63": 20
  },
  "interaction_graph_density": 0.31746031746031744,
  "avg_qubit_interaction_degree": 20.0,
  "std_qubit_interaction_degree": 0.0,
  "max_qubit_interaction_degree": 20,
  "interaction_graph_num_nodes": 64,
  "interaction_graph_num_edges": 64,
  "interaction_graph_is_connected": true,
  "interaction_graph_num_connected_components": 1,
  "interaction_graph_avg_degree": 2.0,
  "interaction_graph_std_degree": 0.0,
  "interaction_graph_min_degree": 2,
  "interaction_graph_max_degree": 2,
  "interaction_graph_degree_distribution": {
    "2": 64
  },
  "interaction_graph_avg_edge_weight": 10.0,
  "interaction_graph_std_edge_weight": 0.0,
  "interaction_graph_min_edge_weight": 10,
  "interaction_graph_max_edge_weight": 10,
  "interaction_graph_total_interactions": 640,
  "interaction_graph_edge_weight_distribution": {
    "10": 64
  },
  "interaction_graph_clustering_coefficient": 0.0,
  "interaction_graph_avg_shortest_path_length": 16.253968253968253,
  "interaction_graph_diameter": 32,
  "interaction_graph_modularity": 0.74365234375,
  "interaction_graph_num_communities": 7,
  "interaction_graph_community_sizes": [
    9,
    6,
    10,
    8,
    11,
    10,
    10
  ],
  "interaction_graph_communities": [
    [
      0,
      1,
      2,
      3,
      4,
      5,
      6,
      7,
      63
    ],
    [
      8,
      9,
      10,
      11,
      12,
      13
    ],
    [
      14,
      15,
      16,
      17,
      18,
      19,
      20,
      21,
      22,
      23
    ],
    [
      24,
      25,
      26,
      27,
      28,
      29,
      30,
      31
    ],
    [
      32,
      33,
      34,
      35,
      36,
      37,
      38,
      39,
      40,
      41,
      42
    ],
    [
      43,
      44,
      45,
      46,
      47,
      48,
      49,
      50,
      51,
      52
    ],
    [
      53,
      54,
      55,
      56,
      57,
      58,
      59,
      60,
      61,
      62
    ]
  ],
  "interaction_graph_avg_community_size": 9.142857142857142,
  "interaction_graph_std_community_size": 1.5518257844571735,
  "interaction_graph_min_community_size": 6,
  "interaction_graph_max_community_size": 11,
  "clifford_gate_count": 7040,
  "detailed_clifford_counts": {
    "cx": 640,
    "h": 3840,
    "s": 2560
  },
  "depth": 10630,
  "t_gates_per_qubit": {
    "1": 125,
    "2": 125,
    "3": 125,
    "4": 125,
    "5": 125,
    "6": 125,
    "7": 125,
    "8": 125,
    "9": 125,
    "10": 125,
    "11": 125,
    "12": 125,
    "13": 125,
    "14": 125,
    "15": 125,
    "16": 125,
    "17": 125,
    "18": 125,
    "19": 125,
    "20": 125,
    "21": 125,
    "22": 125,
    "23": 125,
    "24": 125,
    "25": 125,
    "26": 125,
    "27": 125,
    "28": 125,
    "29": 125,
    "30": 125,
    "31": 125,
    "32": 125,
    "33": 125,
    "34": 125,
    "35": 125,
    "36": 125,
    "37": 125,
    "38": 125,
    "39": 125,
    "40": 125,
    "41": 125,
    "42": 125,
    "43": 125,
    "44": 125,
    "45": 125,
    "46": 125,
    "47": 125,
    "48": 125,
    "49": 125,
    "50": 125,
    "51": 125,
    "52": 125,
    "53": 125,
    "54": 125,
    "55": 125,
    "56": 125,
    "57": 125,
    "58": 125,
    "59": 125,
    "60": 125,
    "61": 125,
    "62": 125,
    "63": 210,
    "0": 40
  },
  "avg_t_gates_per_qubit": 125.0,
  "std_t_gates_per_qubit": 15.026019100214135,
  "max_t_gates_on_any_qubit": 210,
  "total_gate_count": 15040,
  "num_qubits": 64,
  "fidelity": null,
  "fidelity_method": "skipped",
  "pre_opt_rotation_operators": 8000,
  "pre_opt_measurement_operators": 64,
  "pre_opt_avg_operator_pauli_weight": 1.3571428571428572,
  "pre_opt_std_operator_pauli_weight": 0.4791574237499549,
  "pre_opt_max_operator_pauli_weight": 2,
  "pre_opt_avg_qubit_interaction_degree": 90.0,
  "pre_opt_std_qubit_interaction_degree": 0.0,
  "pre_opt_max_qubit_interaction_degree": 90,
  "pbc_t_operators": 2872,
  "pbc_measurement_operators": 64,
  "pbc_total_operators": 2936,
  "pbc_avg_pauli_weight": 1.5449591280653951,
  "pbc_std_pauli_weight": 0.4979745744549609,
  "pbc_max_pauli_weight": 2,
  "pbc_min_pauli_weight": 1,
  "pbc_pauli_weight_distribution": {
    "2": 1600,
    "1": 1336
  },
  "pbc_multi_qubit_operator_interaction_pairs": {
    "(0, 1)": 25,
    "(1, 2)": 25,
    "(2, 3)": 25,
    "(3, 4)": 25,
    "(4, 5)": 25,
    "(5, 6)": 25,
    "(6, 7)": 25,
    "(7, 8)": 25,
    "(8, 9)": 25,
    "(9, 10)": 25,
    "(10, 11)": 25,
    "(11, 12)": 25,
    "(12, 13)": 25,
    "(13, 14)": 25,
    "(14, 15)": 25,
    "(15, 16)": 25,
    "(16, 17)": 25,
    "(17, 18)": 25,
    "(18, 19)": 25,
    "(19, 20)": 25,
    "(20, 21)": 25,
    "(21, 22)": 25,
    "(22, 23)": 25,
    "(23, 24)": 25,
    "(24, 25)": 25,
    "(25, 26)": 25,
    "(26, 27)": 25,
    "(27, 28)": 25,
    "(28, 29)": 25,
    "(29, 30)": 25,
    "(30, 31)": 25,
    "(31, 32)": 25,
    "(32, 33)": 25,
    "(33, 34)": 25,
    "(34, 35)": 25,
    "(35, 36)": 25,
    "(36, 37)": 25,
    "(37, 38)": 25,
    "(38, 39)": 25,
    "(39, 40)": 25,
    "(40, 41)": 25,
    "(41, 42)": 25,
    "(42, 43)": 25,
    "(43, 44)": 25,
    "(44, 45)": 25,
    "(45, 46)": 25,
    "(46, 47)": 25,
    "(47, 48)": 25,
    "(48, 49)": 25,
    "(49, 50)": 25,
    "(50, 51)": 25,
    "(51, 52)": 25,
    "(52, 53)": 25,
    "(53, 54)": 25,
    "(54, 55)": 25,
    "(55, 56)": 25,
    "(56, 57)": 25,
    "(57, 58)": 25,
    "(58, 59)": 25,
    "(59, 60)": 25,
    "(60, 61)": 25,
    "(61, 62)": 25,
    "(62, 63)": 25,
    "(0, 63)": 25
  },
  "pbc_qubit_interaction_degree": {
    "0": 50,