{
  "solovay_kitaev_recursion": 1,
  "transpilation_clifford_t_time": 10.68648076057434,
  "t_count": 480,
  "tdg_count": 14154,
  "total_t_family_count": 14634,
  "compilation_precision_digits": null,
  "two_qubit_gate_interaction_pairs": {
    "(0, 1)": 100,
    "(1, 3)": 70,
    "(1, 2)": 100,
    "(4, 5)": 80,
    "(3, 4)": 75,
    "(3, 5)": 120,
    "(2, 3)": 70,
    "(5, 6)": 90,
    "(5, 7)": 30,
    "(9, 11)": 60,
    "(8, 9)": 80,
    "(7, 8)": 90,
    "(6, 7)": 40,
    "(3, 7)": 30,
    "(9, 10)": 90,
    "(12, 13)": 95,
    "(11, 12)": 50,
    "(10, 11)": 70,
    "(11, 13)": 90,
    "(13, 14)": 95,
    "(13, 15)": 30,
    "(7, 11)": 80,
    "(16, 17)": 55,
    "(15, 16)": 75,
    "(15, 17)": 30,
    "(14, 15)": 40,
    "(11, 15)": 50,
    "(7, 9)": 30
  },
  "total_two_qubit_gates": 1915,
  "qubit_interaction_degree": {
    "1": 270,
    "0": 100,
    "3": 365,
    "2": 170,
    "5": 320,
    "4": 155,
    "6": 130,
    "7": 300,
    "11": 400,
    "9": 260,
    "8": 170,
    "10": 160,
    "13": 310,
    "12": 145,
    "14": 135,
    "15": 225,
    "17": 85,
    "16": 130
  },
  "interaction_graph_density": 12.516339869281046,
  "avg_qubit_interaction_degree": 212.77777777777777,
  "std_qubit_interaction_degree": 92.97882408589099,
  "max_qubit_interaction_degree": 400,
  "interaction_graph_num_nodes": 18,
  "interaction_graph_num_edges": 28,
  "interaction_graph_is_connected": true,
  "interaction_graph_num_connected_components": 1,
  "interaction_graph_avg_degree": 3.111111111111111,
  "interaction_graph_std_degree": 1.523478800089121,
  "interaction_graph_min_degree": 1,
  "interaction_graph_max_degree": 6,
  "interaction_graph_degree_distribution": {
    "1": 1,
    "3": 1,
    "2": 9,
    "5": 2,
    "4": 3,
    "6": 2
  },
  "interaction_graph_avg_edge_weight": 68.39285714285714,
  "interaction_graph_std_edge_weight": 25.60181255541195,
  "interaction_graph_min_edge_weight": 30,
  "interaction_graph_max_edge_weight": 120,
  "interaction_graph_total_interactions": 1915,
  "interaction_graph_edge_weight_distribution": {
    "100": 2,
    "70": 3,
    "75": 2,
    "120": 1,
    "30": 5,
    "80": 3,
    "90": 4,
    "40": 2,
    "60": 1,
    "50": 2,
    "95": 2,
    "55": 1
  },
  "interaction_graph_clustering_coefficient": 0.6648148148148149,
  "interaction_graph_avg_shortest_path_length": 2.7777777777777777,
  "interaction_graph_diameter": 6,
  "interaction_graph_modularity": 0.5073591066814827,
  "interaction_graph_num_communities": 3,
  "interaction_graph_community_sizes": [
    7,
    5,
    6
  ],
  "interaction_graph_communities": [
    [
      0,
      1,
      2,
      3,
      4,
      5,
      6
    ],
    [
      7,
      8,
      9,
      10,
      11
    ],
    [
      16,
      17,
      12,
      13,
      14,
      15
    ]
  ],
  "interaction_graph_avg_community_size": 6.0,
  "interaction_graph_std_community_size": 0.816496580927726,
  "interaction_graph_min_community_size": 5,
  "interaction_graph_max_community_size": 7,
  "clifford_gate_count": 9235,
  "detailed_clifford_counts": {
    "s": 3930,
    "h": 3390,
    "cx": 1915
  },
  "depth": 9248,
  "t_gates_per_qubit": {
    "0": 870,
    "1": 1140,
    "2": 630,
    "3": 1260,
    "4": 550,
    "5": 1020,
    "6": 588,
    "7": 850,
    "8": 720,
    "9": 1465,
    "10": 460,
    "11": 650,
    "12": 678,
    "13": 1000,
    "14": 680,
    "15": 500,
    "16": 750,
    "17": 823
  },
  "avg_t_gates_per_qubit": 813.0,
  "std_t_gates_per_qubit": 265.13518564435515,
  "max_t_gates_on_any_qubit": 1465,
  "total_gate_count": 23869,
  "num_qubits": 18,
  "fidelity": null,
  "fidelity_method": "skipped",
  "pre_opt_rotation_operators": 14634,
  "pre_opt_measurement_operators": 18,
  "pre_opt_avg_operator_pauli_weight": 2.158067158067158,
  "pre_opt_std_operator_pauli_weight": 1.24052280810255,
  "pre_opt_max_operator_pauli_weight": 8,
  "pre_opt_avg_qubit_interaction_degree": 1461.7777777777778,
  "pre_opt_std_qubit_interaction_degree": 567.0946967321493,
  "pre_opt_max_qubit_interaction_degree": 2250,
  "pbc_t_operators": 532,
  "pbc_measurement_operators": 18,
  "pbc_total_operators": 550,
  "pbc_avg_pauli_weight": 1.8745454545454545,
  "pbc_std_pauli_weight": 0.6880058619777178,
  "pbc_max_pauli_weight": 3,
  "pbc_min_pauli_weight": 1,
  "pbc_pauli_weight_distribution": {
    "2": 281,
    "3": 100,
    "1": 169
  },
  "pbc_multi_qubit_operator_interaction_pairs": {
    "(9, 11)": 185,
    "(8, 9)": 100,
    "(8, 11)": 100,
    "(9, 10)": 20,
    "(16, 17)": 96,
    "(1, 2)": 40,
    "(13, 14)": 40
  },
  "pbc_qubit_interaction_degree": {
    "9": 205,
    "11": 185,
    "8": 100,
    "10": 20,
    "16": 96,
    "17": 96,
    "1": 40,
    "2": 40,
    "13": 40,
    "14": 40
  },
  "pbc_avg_qubit_interaction_degree": 86.2,
  "pbc_std_qubit_interaction_degree": 60.97343683933193,
  "pbc_max_qubit_interaction_degree": 205,
  "pbc_interaction_graph_num_nodes": 18,
  "pbc_interaction_graph_num_edges": 107,
  "pbc_interaction_graph_is_connected": true,
  "pbc_interaction_graph_num_connected_components": 1,
  "pbc_interaction_graph_avg_degree": 11.88888888888889,
  "pbc_interaction_graph_std_degree": 2.8262438537726453,
  "pbc_interaction_graph_min_degree": 7,
  "pbc_interaction_graph_max_degree": 17,
  "pbc_interaction_graph_degree_distribution": {
    "7": 1,
    "11": 6,
    "17": 1,
    "16": 4,
    "10": 6
  },
  "pbc_interaction_graph_avg_edge_weight": 276.4766355140187,
  "pbc_interaction_graph_std_edge_weight": 432.1266763431434,
  "pbc_interaction_graph_min_edge_weight": 8,
  "pbc_interaction_graph_max_edge_weight": 1640,
  "pbc_interaction_graph_total_interactions": 29583,
  "pbc_interaction_graph_edge_weight_distribution": {
    "188": 2,
    "60": 6,
    "156": 1,
    "68": 4,
    "88": 4,
    "40": 3,
    "20": 1,
    "164": 3,
    "1170": 1,
    "208": 1,
    "84": 2,
    "44": 2,
    "24": 6,
    "16": 3,
    "8": 1,
    "184": 2,
    "216": 1,
    "56": 6,
    "1420": 1,
    "1512": 1,
    "398": 1,
    "160": 2,
    "124": 2,
    "76": 1,
    "48": 6,
    "1564": 1,
    "282": 1,
    "96": 1,
    "32": 2,
    "28": 1,
    "402": 1,
    "116": 5,
    "64": 2,
    "52": 3,
    "140": 3,
    "100": 1,
    "228": 2,
    "152": 1,
    "288": 1,
    "104": 2,
    "220": 1,
    "1640": 1,
    "1355": 1,
    "1472": 1,
    "1320": 1,
    "1313": 1,
    "997": 1,
    "72": 2,
    "212": 1,
    "180": 1,
    "1244": 1,
    "1206": 1,
    "1101": 1,
    "1058": 1,
    "966": 1,
    "1067": 1
  },
  "pbc_interaction_graph_clustering_coefficient": 0.8903000594177064,
  "pbc_interaction_graph_avg_shortest_path_length": 1.3006535947712419,
  "pbc_interaction_graph_diameter": 2,
  "pbc_interaction_graph_modularity": 0.5300912077647181,
  "pbc_interaction_graph_num_communities": 4,
  "pbc_interaction_graph_community_sizes": [
    7,
    4,
    3,
    4
  ],
  "pbc_interaction_graph_communities": [
    [
      0,
      1,
      2,
      3,
      4,
      5,
      6
    ],
    [
      8,
      9,
      10,
      11
    ],
    [
      12,
      13,
      14
    ],
    [
      16,
      17,
      7,
      15
    ]
  ],
  "pbc_interaction_graph_avg_community_size": 4.5,
  "pbc_interaction_graph_std_community_size": 1.5,
  "pbc_interaction_graph_min_community_size": 3,
  "pbc_interaction_graph_max_community_size": 7,
  "pbc_total_multi_qubit_operator_applications_on_pairs": 581,
  "pre_opt_avg_rotations_per_layer": "Not computable: missing data",
  "pre_opt_num_measurement_ops": 18,
  "pre_opt_std_pauli_weight": 1.24052280810255,
  "pre_opt_max_pauli_weight": "Not computable: missing data",
  "pbc_avg_operator_pauli_weight": 1.8745454545454545,
  "pbc_std_operator_pauli_weight": 0.6880058619777178,
  "pbc_max_operator_pauli_weight": 3,
  "pbc_rotation_operators": 532,
  "pbc_optimized": true,
  "pipeline": "SK",
  "parameter_type": "recursion_degree",
  "parameter_value": 1
}
