{
  "solovay_kitaev_recursion": 2,
  "transpilation_clifford_t_time": 30.60057497024536,
  "t_count": 10560,
  "tdg_count": 15360,
  "total_t_family_count": 25920,
  "compilation_precision_digits": null,
  "two_qubit_gate_interaction_pairs": {
    "(0, 1)": 10,
    "(1, 2)": 10,
    "(2, 3)": 10,
    "(3, 4)": 10,
    "(4, 5)": 10,
    "(5, 6)": 10,
    "(6, 7)": 10,
    "(7, 8)": 10,
    "(8, 9)": 10,
    "(9, 10)": 10,
    "(10, 11)": 10,
    "(11, 12)": 10,
    "(12, 13)": 10,
    "(13, 14)": 10,
    "(14, 15)": 10,
    "(15, 16)": 10,
    "(16, 17)": 10,
    "(17, 18)": 10,
    "(18, 19)": 10,
    "(19, 20)": 10,
    "(20, 21)": 10,
    "(21, 22)": 10,
    "(22, 23)": 10,
    "(23, 24)": 10,
    "(24, 25)": 10,
    "(25, 26)": 10,
    "(26, 27)": 10,
    "(27, 28)": 10,
    "(28, 29)": 10,
    "(29, 30)": 10,
    "(30, 31)": 10,
    "(31, 32)": 10,
    "(32, 33)": 10,
    "(33, 34)": 10,
    "(34, 35)": 10,
    "(35, 36)": 10,
    "(36, 37)": 10,
    "(37, 38)": 10,
    "(38, 39)": 10,
    "(39, 40)": 10,
    "(40, 41)": 10,
    "(41, 42)": 10,
    "(42, 43)": 10,
    "(43, 44)": 10,
    "(44, 45)": 10,
    "(45, 46)": 10,
    "(46, 47)": 10,
    "(47, 48)": 10,
    "(48, 49)": 10,
    "(49, 50)": 10,
    "(50, 51)": 10,
    "(51, 52)": 10,
    "(52, 53)": 10,
    "(53, 54)": 10,
    "(54, 55)": 10,
    "(55, 56)": 10,
    "(56, 57)": 10,
    "(57, 58)": 10,
    "(58, 59)": 10,
    "(59, 60)": 10,
    "(60, 61)": 10,
    "(61, 62)": 10,
    "(62, 63)": 10,
    "(0, 63)": 10
  },
  "total_two_qubit_gates": 640,
  "qubit_interaction_degree": {
    "0": 20,
    "1": 20,
    "2": 20,
    "3": 20,
    "4": 20,
    "5": 20,
    "6": 20,
    "7": 20,
    "8": 20,
    "9": 20,
    "10": 20,
    "11": 20,
    "12": 20,
    "13": 20,
    "14": 20,
    "15": 20,
    "16": 20,
    "17": 20,
    "18": 20,
    "19": 20,
    "20": 20,
    "21": 20,
    "22": 20,
    "23": 20,
    "24": 20,
    "25": 20,
    "26": 20,
    "27": 20,
    "28": 20,
    "29": 20,
    "30": 20,
    "31": 20,
    "32": 20,
    "33": 20,
    "34": 20,
    "35": 20,
    "36": 20,
    "37": 20,
    "38": 20,
    "39": 20,
    "40": 20,
    "41": 20,
    "42": 20,
    "43": 20,
    "44": 20,
    "45": 20,
    "46": 20,
    "47": 20,
    "48": 20,
    "49": 20,
    "50": 20,
    "51": 20,
    "52": 20,
    "53": 20,
    "54": 20,
    "55": 20,
    "56": 20,
    "57": 20,
    "58": 20,
    "59": 20,
    "60": 20,
    "61": 20,
    "62": 20,
    "63": 20
  },
  "interaction_graph_density": 0.31746031746031744,
  "avg_qubit_interaction_degree": 20.0,
  "std_qubit_interaction_degree": 0.0,
  "max_qubit_interaction_degree": 20,
  "interaction_graph_num_nodes": 64,
  "interaction_graph_num_edges": 64,
  "interaction_graph_is_connected": true,
  "interaction_graph_num_connected_components": 1,
  "interaction_graph_avg_degree": 2.0,
  "interaction_graph_std_degree": 0.0,
  "interaction_graph_min_degree": 2,
  "interaction_graph_max_degree": 2,
  "interaction_graph_degree_distribution": {
    "2": 64
  },
  "interaction_graph_avg_edge_weight": 10.0,
  "interaction_graph_std_edge_weight": 0.0,
  "interaction_graph_min_edge_weight": 10,
  "interaction_graph_max_edge_weight": 10,
  "interaction_graph_total_interactions": 640,
  "interaction_graph_edge_weight_distribution": {
    "10": 64
  },
  "interaction_graph_clustering_coefficient": 0.0,
  "interaction_graph_avg_shortest_path_length": 16.253968253968253,
  "interaction_graph_diameter": 32,
  "interaction_graph_modularity": 0.7412109375,
  "interaction_graph_num_communities": 8,
  "interaction_graph_community_sizes": [
    10,
    11,
    6,
    10,
    5,
    7,
    9,
    6
  ],
  "interaction_graph_communities": [
    [
      5,
      6,
      7,
      8,
      9,
      10,
      11,
      12,
      13,
      14
    ],
    [
      15,
      16,
      17,
      18,
      19,
      20,
      21,
      22,
      23,
      24,
      25
    ],
    [
      26,
      27,
      28,
      29,
      30,
      31
    ],
    [
      32,
      33,
      34,
      35,
      36,
      37,
      38,
      39,
      40,
      41
    ],
    [
      42,
      43,
      44,
      45,
      46
    ],
    [
      48,
      49,
      50,
      51,
      52,
      53,
      47
    ],
    [
      54,
      55,
      56,
      57,
      58,
      59,
      60,
      61,
      62
    ],
    [
      0,
      1,
      2,
      3,
      4,
      63
    ]
  ],
  "interaction_graph_avg_community_size": 8.0,
  "interaction_graph_std_community_size": 2.1213203435596424,
  "interaction_graph_min_community_size": 5,
  "interaction_graph_max_community_size": 11,
  "clifford_gate_count": 21760,
  "detailed_clifford_counts": {
    "cx": 640,
    "h": 18560,
    "s": 2560
  },
  "depth": 30040,
  "t_gates_per_qubit": {
    "1": 405,
    "2": 405,
    "3": 405,
    "4": 405,
    "5": 405,
    "6": 405,
    "7": 405,
    "8": 405,
    "9": 405,
    "10": 405,
    "11": 405,
    "12": 405,
    "13": 405,
    "14": 405,
    "15": 405,
    "16": 405,
    "17": 405,
    "18": 405,
    "19": 405,
    "20": 405,
    "21": 405,
    "22": 405,
    "23": 405,
    "24": 405,
    "25": 405,
    "26": 405,
    "27": 405,
    "28": 405,
    "29": 405,
    "30": 405,
    "31": 405,
    "32": 405,
    "33": 405,
    "34": 405,
    "35": 405,
    "36": 405,
    "37": 405,
    "38": 405,
    "39": 405,
    "40": 405,
    "41": 405,
    "42": 405,
    "43": 405,
    "44": 405,
    "45": 405,
    "46": 405,
    "47": 405,
    "48": 405,
    "49": 405,
    "50": 405,
    "51": 405,
    "52": 405,
    "53": 405,
    "54": 405,
    "55": 405,
    "56": 405,
    "57": 405,
    "58": 405,
    "59": 405,
    "60": 405,
    "61": 405,
    "62": 405,
    "63": 650,
    "0": 160
  },
  "avg_t_gates_per_qubit": 405.0,
  "std_t_gates_per_qubit": 43.31029034767604,
  "max_t_gates_on_any_qubit": 650,
  "total_gate_count": 47680,
  "num_qubits": 64,
  "fidelity": null,
  "fidelity_method": "skipped",
  "pre_opt_rotation_operators": 25920,
  "pre_opt_measurement_operators": 64,
  "pre_opt_avg_operator_pauli_weight": 1.332512315270936,
  "pre_opt_std_operator_pauli_weight": 0.47111344224517476,
  "pre_opt_max_operator_pauli_weight": 2,
  "pre_opt_avg_qubit_interaction_degree": 270.0,
  "pre_opt_std_qubit_interaction_degree": 0.0,
  "pre_opt_max_qubit_interaction_degree": 270,
  "pbc_t_operators": 13760,
  "pbc_measurement_operators": 64,
  "pbc_total_operators": 13824,
  "pbc_avg_pauli_weight": 1.4398148148148149,
  "pbc_std_pauli_weight": 0.49636452681897497,
  "pbc_max_pauli_weight": 2,
  "pbc_min_pauli_weight": 1,
  "pbc_pauli_weight_distribution": {
    "2": 6080,
    "1": 7744
  },
  "pbc_multi_qubit_operator_interaction_pairs": {
    "(0, 1)": 95,
    "(1, 2)": 95,
    "(2, 3)": 95,
    "(3, 4)": 95,
    "(4, 5)": 95,
    "(5, 6)": 95,
    "(6, 7)": 95,
    "(7, 8)": 95,
    "(8, 9)": 95,
    "(9, 10)": 95,
    "(10, 11)": 95,
    "(11, 12)": 95,
    "(12, 13)": 95,
    "(13, 14)": 95,
    "(14, 15)": 95,
    "(15, 16)": 95,
    "(16, 17)": 95,
    "(17, 18)": 95,
    "(18, 19)": 95,
    "(19, 20)": 95,
    "(20, 21)": 95,
    "(21, 22)": 95,
    "(22, 23)": 95,
    "(23, 24)": 95,
    "(24, 25)": 95,
    "(25, 26)": 95,
    "(26, 27)": 95,
    "(27, 28)": 95,
    "(28, 29)": 95,
    "(29, 30)": 95,
    "(30, 31)": 95,
    "(31, 32)": 95,
    "(32, 33)": 95,
    "(33, 34)": 95,
    "(34, 35)": 95,
    "(35, 36)": 95,
    "(36, 37)": 95,
    "(37, 38)": 95,
    "(38, 39)": 95,
    "(39, 40)": 95,
    "(40, 41)": 95,
    "(41, 42)": 95,
    "(42, 43)": 95,
    "(43, 44)": 95,
    "(44, 45)": 95,
    "(45, 46)": 95,
    "(46, 47)": 95,
    "(47, 48)": 95,
    "(48, 49)": 95,
    "(49, 50)": 95,
    "(50, 51)": 95,
    "(51, 52)": 95,
    "(52, 53)": 95,
    "(53, 54)": 95,
    "(54, 55)": 95,
    "(55, 56)": 95,
    "(56, 57)": 95,
    "(57, 58)": 95,
    "(58, 59)": 95,
    "(59, 60)": 95,
    "(60, 61)": 95,
    "(61, 62)": 95,
    "(62, 63)": 95,
    "(0, 63)": 95
  },