{
  "t_count": 29510,
  "tdg_count": 37552,
  "total_t_family_count": 67062,
  "compilation_precision_digits": null,
  "two_qubit_gate_interaction_pairs": {
    "(10, 11)": 161,
    "(9, 10)": 258,
    "(9, 11)": 193,
    "(1, 9)": 104,
    "(1, 10)": 100,
    "(1, 11)": 116,
    "(2, 9)": 104,
    "(2, 10)": 100,
    "(2, 11)": 116,
    "(3, 9)": 104,
    "(3, 10)": 100,
    "(3, 11)": 116,
    "(4, 9)": 104,
    "(4, 10)": 100,
    "(4, 11)": 116,
    "(5, 9)": 104,
    "(5, 10)": 100,
    "(5, 11)": 116,
    "(6, 9)": 104,
    "(4, 5)": 10,
    "(6, 10)": 100,
    "(6, 11)": 116,
    "(7, 9)": 104,
    "(3, 6)": 10,
    "(7, 10)": 100,
    "(7, 11)": 116,
    "(8, 9)": 104,
    "(2, 7)": 10,
    "(8, 10)": 100,
    "(8, 11)": 116,
    "(1, 8)": 10,
    "(1, 2)": 4,
    "(1, 3)": 4,
    "(2, 3)": 4,
    "(1, 4)": 4,
    "(2, 4)": 4,
    "(3, 4)": 4,
    "(1, 5)": 4,
    "(2, 5)": 4,
    "(3, 5)": 4,
    "(1, 6)": 4,
    "(2, 6)": 4,
    "(4, 6)": 4,
    "(5, 6)": 4,
    "(1, 7)": 4,
    "(3, 7)": 4,
    "(4, 7)": 4,
    "(5, 7)": 4,
    "(6, 7)": 4,
    "(0, 1)": 2,
    "(2, 8)": 4,
    "(0, 2)": 2,
    "(3, 8)": 4,
    "(0, 3)": 2,
    "(4, 8)": 4,
    "(0, 4)": 2,
    "(5, 8)": 4,
    "(0, 5)": 2,
    "(6, 8)": 4,
    "(0, 6)": 2,
    "(7, 8)": 4,
    "(0, 7)": 2,
    "(0, 8)": 2
  },
  "total_two_qubit_gates": 3324,
  "qubit_interaction_degree": {
    "11": 1282,
    "10": 1219,
    "9": 1283,
    "1": 356,
    "2": 356,
    "3": 356,
    "4": 356,
    "5": 356,
    "6": 356,
    "7": 356,
    "8": 356,
    "0": 16
  },
  "interaction_graph_density": 50.36363636363637,
  "avg_qubit_interaction_degree": 554.0,
  "std_qubit_interaction_degree": 418.999403340864,
  "max_qubit_interaction_degree": 1283,
  "interaction_graph_num_nodes": 12,
  "interaction_graph_num_edges": 63,
  "interaction_graph_is_connected": true,
  "interaction_graph_num_connected_components": 1,
  "interaction_graph_avg_degree": 10.5,
  "interaction_graph_std_degree": 0.8660254037844386,
  "interaction_graph_min_degree": 8,
  "interaction_graph_max_degree": 11,
  "interaction_graph_degree_distribution": {
    "8": 1,
    "11": 8,
    "10": 3
  },
  "interaction_graph_avg_edge_weight": 52.76190476190476,
  "interaction_graph_std_edge_weight": 60.33575745872354,
  "interaction_graph_min_edge_weight": 2,
  "interaction_graph_max_edge_weight": 258,
  "interaction_graph_total_interactions": 3324,
  "interaction_graph_edge_weight_distribution": {
    "2": 8,
    "104": 8,
    "100": 8,
    "116": 8,
    "10": 4,
    "4": 24,
    "258": 1,
    "193": 1,
    "161": 1
  },
  "interaction_graph_clustering_coefficient": 0.9636363636363635,
  "interaction_graph_avg_shortest_path_length": 1.0454545454545454,
  "interaction_graph_diameter": 2,
  "interaction_graph_modularity": 0.0,
  "interaction_graph_num_communities": 1,
  "interaction_graph_community_sizes": [
    12
  ],
  "interaction_graph_communities": [
    [
      0,
      1,
      2,
      3,
      4,
      5,
      6,
      7,
      8,
      9,
      10,
      11
    ]
  ],
  "interaction_graph_avg_community_size": 12.0,
  "interaction_graph_std_community_size": 0.0,
  "interaction_graph_min_community_size": 12,
  "interaction_graph_max_community_size": 12,
  "clifford_gate_count": 57893,
  "detailed_clifford_counts": {
    "h": 49368,
    "s": 4585,
    "sdg": 616,
    "cx": 3324
  },
  "depth": 87620,
  "t_gates_per_qubit": {
    "0": 330,
    "1": 1563,
    "2": 1566,
    "3": 1719,
    "4": 1638,
    "5": 1612,
    "6": 1374,
    "7": 1065,
    "8": 1195,
    "9": 20572,
    "10": 23964,
    "11": 10464
  },
  "avg_t_gates_per_qubit": 5588.5,
  "std_t_gates_per_qubit": 7905.118009871832,
  "max_t_gates_on_any_qubit": 23964,
  "total_gate_count": 124955,
  "num_qubits": 12,
  "pbc_t_operators": 67062,
  "pbc_measurement_operators": 12,
  "pbc_conversion_time": 1.4619929790496826,
  "pbc_optimized": false,
  "pbc_total_operators": 67074,
  "pbc_avg_pauli_weight": 4.748084205504369,
  "pbc_std_pauli_weight": 2.4121947529091594,
  "pbc_max_pauli_weight": 11,
  "pbc_min_pauli_weight": 1,
  "pbc_pauli_weight_distribution": {
    "1": 7818,
    "2": 5133,
    "3": 11960,
    "4": 7503,
    "5": 7024,
    "6": 8655,
    "7": 8825,
    "8": 6394,
    "9": 3230,
    "10": 402,
    "11": 130
  },
  "pbc_multi_qubit_operator_interaction_pairs": {
    "(10, 11)": 33157,
    "(9, 10)": 36643,
    "(9, 11)": 27150,
    "(1, 9)": 26045,
    "(1, 11)": 20282,
    "(1, 10)": 31272,
    "(2, 9)": 4781,
    "(2, 11)": 3016,
    "(1, 2)": 3500,
    "(2, 10)": 3667,
    "(1, 3)": 11046,
    "(3, 9)": 15245,
    "(3, 10)": 14805,
    "(3, 11)": 12568,
    "(1, 4)": 23747,
    "(4, 9)": 19790,
    "(4, 10)": 25632,
    "(3, 4)": 9556,
    "(4, 11)": 18095,
    "(3, 5)": 11146,
    "(5, 9)": 15056,
    "(5, 11)": 14246,
    "(1, 5)": 19253,
    "(4, 5)": 16898,
    "(5, 10)": 22806,
    "(3, 6)": 5271,
    "(6, 9)": 9747,
    "(6, 11)": 8648,
    "(1, 6)": 11037,
    "(4, 6)": 8783,
    "(5, 6)": 10564,
    "(6, 10)": 11287,
    "(1, 7)": 9533,
    "(3, 7)": 3101,
    "(4, 7)": 8878,
    "(5, 7)": 6818,
    "(7, 9)": 6174,
    "(7, 10)": 10827,
    "(7, 11)": 10567,
    "(6, 7)": 3511,
    "(1, 8)": 11393,
    "(4, 8)": 11846,
    "(5, 8)": 10591,
    "(6, 8)": 10460,
    "(8, 9)": 13046,
    "(8, 10)": 16460,
    "(3, 8)": 5701,
    "(8, 11)": 14150,
    "(7, 8)": 6568,
    "(2, 3)": 2054,
    "(2, 4)": 1741,
    "(2, 5)": 3268,
    "(2, 7)": 637,
    "(2, 6)": 1643,
    "(0, 1)": 11413,
    "(0, 3)": 4959,
    "(0, 4)": 11944,
    "(0, 5)": 11795,
    "(0, 8)": 17275,
    "(0, 9)": 10355,
    "(0, 10)": 15627,
    "(0, 7)": 6384,
    "(0, 2)": 3150,
    "(2, 8)": 2620,
    "(0, 11)": 13224,
    "(0, 6)": 9521
  },
  "pbc_qubit_interaction_degree": {
    "10": 48137,
    "11": 39697,
    "9": 42395,
    "1": 33276,
    "2": 5194,
    "3": 19511,
    "4": 26970,
    "5": 24351,
    "6": 16681,
    "7": 11879,
    "8": 21815,
    "0": 20749
  },
  "pbc_avg_qubit_interaction_degree": 25887.916666666668,
  "pbc_std_qubit_interaction_degree": 12278.811400527422,
  "pbc_max_qubit_interaction_degree": 48137,
  "pbc_interaction_graph_num_nodes": 12,
  "pbc_interaction_graph_num_edges": 66,
  "pbc_interaction_graph_is_connected": true,
  "pbc_interaction_graph_num_connected_components": 1,
  "pbc_interaction_graph_avg_degree": 11.0,
  "pbc_interaction_graph_std_degree": 0.0,
  "pbc_interaction_graph_min_degree": 11,
  "pbc_interaction_graph_max_degree": 11,
  "pbc_interaction_graph_degree_distribution": {
    "11": 12
  },
  "pbc_interaction_graph_avg_edge_weight": 11999.59090909091,
  "pbc_interaction_graph_std_edge_weight": 7856.838949096422,
  "pbc_interaction_graph_min_edge_weight": 637,
  "pbc_interaction_graph_max_edge_weight": 36643,
  "pbc_interaction_graph_total_interactions": 791973,
  "pbc_interaction_graph_edge_weight_distribution": {
    "11413": 1,
    "4959": 1,
    "11944": 1,
    "11795": 1,
    "17275": 1,
    "10355": 1,
    "15627": 1,
    "6384": 1,
    "3150": 1,
    "13224": 1,
    "9521": 1,
    "26045": 1,
    "20282": 1,
    "31272": 1,
    "3500": 1,
    "11046": 1,
    "23747": 1,
    "19253": 1,
    "11037": 1,
    "9533": 1,
    "11393": 1,
    "4781": 1,
    "3016": 1,
    "3667": 1,
    "2054": 1,
    "1741": 1,
    "3268": 1,
    "637": 1,
    "1643": 1,
    "2620": 1,
    "15245": 1,
    "14805": 1,
    "12568": 1,
    "9556": 1,
    "11146": 1,
    "5271": 1,
    "3101": 1,
    "5701": 1,
    "19790": 1,
    "25632": 1,
    "18095": 1,
    "16898": 1,
    "8783": 1,
    "8878": 1,
    "11846": 1,
    "15056": 1,
    "14246": 1,
    "22806": 1,
    "10564": 1,
    "6818": 1,
    "10591": 1,
    "9747": 1,
    "8648": 1,
    "11287": 1,
    "3511": 1,
    "10460": 1,
    "6174": 1,
    "10827": 1,
    "10567": 1,
    "6568": 1,
    "13046": 1,
    "16460": 1,
    "14150": 1,
    "36643": 1,
    "27150": 1,
    "33157": 1
  },
  "pbc_interaction_graph_clustering_coefficient": 1.0,