{
  "solovay_kitaev_recursion": 1,
  "transpilation_clifford_t_time": 3.9830029010772705,
  "t_count": 1800,
  "tdg_count": 5760,
  "total_t_family_count": 7560,
  "compilation_precision_digits": null,
  "two_qubit_gate_interaction_pairs": {
    "(0, 1)": 10,
    "(1, 2)": 10,
    "(2, 3)": 10,
    "(3, 4)": 10,
    "(4, 5)": 10,
    "(0, 6)": 10,
    "(0, 5)": 10,
    "(1, 7)": 10,
    "(6, 7)": 10,
    "(2, 8)": 10,
    "(7, 8)": 10,
    "(3, 9)": 10,
    "(8, 9)": 10,
    "(4, 10)": 10,
    "(9, 10)": 10,
    "(5, 11)": 10,
    "(10, 11)": 10,
    "(6, 12)": 10,
    "(6, 11)": 10,
    "(7, 13)": 10,
    "(12, 13)": 10,
    "(8, 14)": 10,
    "(13, 14)": 10,
    "(9, 15)": 10,
    "(14, 15)": 10,
    "(10, 16)": 10,
    "(15, 16)": 10,
    "(11, 17)": 10,
    "(16, 17)": 10,
    "(12, 18)": 10,
    "(12, 17)": 10,
    "(13, 19)": 10,
    "(18, 19)": 10,
    "(14, 20)": 10,
    "(19, 20)": 10,
    "(15, 21)": 10,
    "(20, 21)": 10,
    "(16, 22)": 10,
    "(21, 22)": 10,
    "(17, 23)": 10,
    "(22, 23)": 10,
    "(18, 24)": 10,
    "(18, 23)": 10,
    "(19, 25)": 10,
    "(24, 25)": 10,
    "(20, 26)": 10,
    "(25, 26)": 10,
    "(21, 27)": 10,
    "(26, 27)": 10,
    "(22, 28)": 10,
    "(27, 28)": 10,
    "(23, 29)": 10,
    "(28, 29)": 10,
    "(24, 30)": 10,
    "(24, 29)": 10,
    "(25, 31)": 10,
    "(30, 31)": 10,
    "(0, 30)": 10,
    "(26, 32)": 10,
    "(31, 32)": 10,
    "(1, 31)": 10,
    "(27, 33)": 10,
    "(32, 33)": 10,
    "(2, 32)": 10,
    "(28, 34)": 10,
    "(33, 34)": 10,
    "(3, 33)": 10,
    "(29, 35)": 10,
    "(34, 35)": 10,
    "(4, 34)": 10,
    "(30, 35)": 10,
    "(5, 35)": 10
  },
  "total_two_qubit_gates": 720,
  "qubit_interaction_degree": {
    "0": 40,
    "1": 40,
    "2": 40,
    "3": 40,
    "4": 40,
    "5": 40,
    "6": 40,
    "7": 40,
    "8": 40,
    "9": 40,
    "10": 40,
    "11": 40,
    "12": 40,
    "13": 40,
    "14": 40,
    "15": 40,
    "16": 40,
    "17": 40,
    "18": 40,
    "19": 40,
    "20": 40,
    "21": 40,
    "22": 40,
    "23": 40,
    "24": 40,
    "25": 40,
    "26": 40,
    "27": 40,
    "28": 40,
    "29": 40,
    "30": 40,
    "31": 40,
    "32": 40,
    "33": 40,
    "34": 40,
    "35": 40
  },
  "interaction_graph_density": 1.1428571428571428,
  "avg_qubit_interaction_degree": 40.0,
  "std_qubit_interaction_degree": 0.0,
  "max_qubit_interaction_degree": 40,
  "interaction_graph_num_nodes": 36,
  "interaction_graph_num_edges": 72,
  "interaction_graph_is_connected": true,
  "interaction_graph_num_connected_components": 1,
  "interaction_graph_avg_degree": 4.0,
  "interaction_graph_std_degree": 0.0,
  "interaction_graph_min_degree": 4,
  "interaction_graph_max_degree": 4,
  "interaction_graph_degree_distribution": {
    "4": 36
  },
  "interaction_graph_avg_edge_weight": 10.0,
  "interaction_graph_std_edge_weight": 0.0,
  "interaction_graph_min_edge_weight": 10,
  "interaction_graph_max_edge_weight": 10,
  "interaction_graph_total_interactions": 720,
  "interaction_graph_edge_weight_distribution": {
    "10": 72
  },
  "interaction_graph_clustering_coefficient": 0.0,
  "interaction_graph_avg_shortest_path_length": 3.085714285714286,
  "interaction_graph_diameter": 6,
  "interaction_graph_modularity": 0.3950617283950617,
  "interaction_graph_num_communities": 6,
  "interaction_graph_community_sizes": [
    6,
    8,
    7,
    5,
    4,
    6
  ],
  "interaction_graph_communities": [
    [
      0,
      1,
      32,
      2,
      30,
      31
    ],
    [
      33,
      34,
      3,
      4,
      5,
      9,
      10,
      11
    ],
    [
      17,
      18,
      35,
      23,
      24,
      12,
      29
    ],
    [
      6,
      7,
      8,
      13,
      14
    ],
    [
      25,
      26,
      19,
      20
    ],
    [
      16,
      21,
      22,
      27,
      28,
      15
    ]
  ],
  "interaction_graph_avg_community_size": 6.0,
  "interaction_graph_std_community_size": 1.2909944487358056,
  "interaction_graph_min_community_size": 4,
  "interaction_graph_max_community_size": 8,
  "clifford_gate_count": 6840,
  "detailed_clifford_counts": {
    "cx": 720,
    "h": 3960,
    "s": 2160
  },
  "depth": 3172,
  "t_gates_per_qubit": {
    "1": 125,
    "2": 125,
    "3": 125,
    "4": 125,
    "5": 210,
    "6": 125,
    "7": 210,
    "8": 210,
    "9": 210,
    "10": 210,
    "11": 295,
    "12": 125,
    "13": 210,
    "14": 210,
    "15": 210,
    "16": 210,
    "17": 295,
    "18": 125,
    "19": 210,
    "20": 210,
    "21": 210,
    "22": 210,
    "23": 295,
    "24": 125,
    "25": 210,
    "26": 210,
    "27": 210,
    "28": 210,
    "29": 295,
    "30": 210,
    "31": 295,
    "0": 40,
    "32": 295,
    "33": 295,
    "34": 295,
    "35": 380
  },
  "avg_t_gates_per_qubit": 210.0,
  "std_t_gates_per_qubit": 69.40220937885671,
  "max_t_gates_on_any_qubit": 380,
  "total_gate_count": 14400,
  "num_qubits": 36,
  "fidelity": null,
  "fidelity_method": "skipped",
  "pre_opt_rotation_operators": 7560,
  "pre_opt_measurement_operators": 36,
  "pre_opt_avg_operator_pauli_weight": 1.4265402843601895,
  "pre_opt_std_operator_pauli_weight": 0.4945742312111683,
  "pre_opt_max_operator_pauli_weight": 2,
  "pre_opt_avg_qubit_interaction_degree": 180.0,
  "pre_opt_std_qubit_interaction_degree": 0.0,
  "pre_opt_max_qubit_interaction_degree": 180,
  "pbc_t_operators": 3224,
  "pbc_measurement_operators": 36,
  "pbc_total_operators": 3260,
  "pbc_avg_pauli_weight": 1.5521472392638036,
  "pbc_std_pauli_weight": 0.49727323016342195,
  "pbc_max_pauli_weight": 2,
  "pbc_min_pauli_weight": 1,
  "pbc_pauli_weight_distribution": {
    "2": 1800,
    "1": 1460
  },
  "pbc_multi_qubit_operator_interaction_pairs": {
    "(0, 1)": 25,
    "(1, 2)": 25,
    "(2, 3)": 25,
    "(0, 6)": 25,
    "(1, 7)": 25,
    "(3, 4)": 25,
    "(6, 7)": 25,
    "(2, 8)": 25,
    "(4, 5)": 25,
    "(7, 8)": 25,
    "(3, 9)": 25,
    "(0, 5)": 25,
    "(8, 9)": 25,
    "(4, 10)": 25,
    "(6, 12)": 25,
    "(7, 13)": 25,
    "(9, 10)": 25,
    "(5, 11)": 25,
    "(12, 13)": 25,
    "(8, 14)": 25,
    "(10, 11)": 25,
    "(13, 14)": 25,
    "(9, 15)": 25,
    "(6, 11)": 25,
    "(14, 15)": 25,
    "(10, 16)": 25,
    "(12, 18)": 25,
    "(13, 19)": 25,
    "(15, 16)": 25,
    "(11, 17)": 25,
    "(18, 19)": 25,
    "(14, 20)": 25,
    "(16, 17)": 25,
    "(19, 20)": 25,
    "(15, 21)": 25,
    "(12, 17)": 25,
    "(20, 21)": 25,
    "(16, 22)": 25,
    "(18, 24)": 25,
    "(19, 25)": 25,
    "(21, 22)": 25,
    "(17, 23)": 25,
    "(24, 25)": 25,
    "(20, 26)": 25,
    "(22, 23)": 25,
    "(25, 26)": 25,
    "(21, 27)": 25,
    "(18, 23)": 25,
    "(26, 27)": 25,
    "(22, 28)": 25,
    "(24, 30)": 25,
    "(25, 31)": 25,
    "(27, 28)": 25,
    "(23, 29)": 25,
    "(30, 31)": 25,
    "(26, 32)": 25,
    "(28, 29)": 25,
    "(31, 32)": 25,
    "(27, 33)": 25,
    "(24, 29)": 25,
    "(1, 31)": 25,
    "(32, 33)": 25,
    "(28, 34)": 25,
    "(2, 32)": 25,
    "(33, 34)": 25,
    "(29, 35)": 25,
    "(0, 30)": 25,
    "(3, 33)": 25,
    "(34, 35)": 25,
    "(4, 34)": 25,
    "(30, 35)": 25,
    "(5, 35)": 25
  },
  "pbc_qubit_interaction_degree": {
    "0": 100,
    "1": 100,
    "2": 100,
    "3": 100,
    "6": 100,
    "7": 100,
    "4": 100,
    "8": 100,
    "5": 100,
    "9": 100,
    "10": 100,
    "12": 100,
    "13": 100,
    "11": 100,
    "14": 100,
    "15": 100,
    "16": 100,
    "18": 100,
    "19": 100,
    "17": 100,
    "20": 100,
    "21": 100,
    "22": 100,
    "24": 100,
    "25": 100,
    "23": 100,
    "26": 100,
    "27": 100,
    "28": 100,
    "30": 100,
    "31": 100,
    "29": 100,
    "32": 100,
    "33": 100,
    "34": 100,
    "35": 100
  },
  "pbc_avg_qubit_interaction_degree": 100.0,
  "pbc_std_qubit_interaction_degree": 0.0,
  "pbc_max_qubit_interaction_degree": 100,
  "pbc_interaction_graph_num_nodes": 36,
  "pbc_interaction_graph_num_edges": 72,
  "pbc_interaction_graph_is_connected": true,
  "pbc_interaction_graph_num_connected_components": 1,