{
  "solovay_kitaev_recursion": 2,
  "transpilation_clifford_t_time": 32.06420969963074,
  "t_count": 9085,
  "tdg_count": 22759,
  "total_t_family_count": 31844,
  "compilation_precision_digits": null,
  "two_qubit_gate_interaction_pairs": {
    "(0, 1)": 100,
    "(1, 3)": 70,
    "(1, 2)": 100,
    "(4, 5)": 80,
    "(3, 4)": 75,
    "(3, 5)": 120,
    "(2, 3)": 70,
    "(5, 6)": 90,
    "(5, 7)": 30,
    "(9, 11)": 60,
    "(8, 9)": 80,
    "(7, 8)": 90,
    "(6, 7)": 40,
    "(3, 7)": 30,
    "(9, 10)": 90,
    "(12, 13)": 95,
    "(11, 12)": 50,
    "(10, 11)": 70,
    "(11, 13)": 90,
    "(13, 14)": 95,
    "(13, 15)": 30,
    "(7, 11)": 80,
    "(16, 17)": 55,
    "(15, 16)": 75,
    "(15, 17)": 30,
    "(14, 15)": 40,
    "(11, 15)": 50,
    "(7, 9)": 30
  },
  "total_two_qubit_gates": 1915,
  "qubit_interaction_degree": {
    "1": 270,
    "0": 100,
    "3": 365,
    "2": 170,
    "5": 320,
    "4": 155,
    "6": 130,
    "7": 300,
    "11": 400,
    "9": 260,
    "8": 170,
    "10": 160,
    "13": 310,
    "12": 145,
    "14": 135,
    "15": 225,
    "17": 85,
    "16": 130
  },
  "interaction_graph_density": 12.516339869281046,
  "avg_qubit_interaction_degree": 212.77777777777777,
  "std_qubit_interaction_degree": 92.97882408589099,
  "max_qubit_interaction_degree": 400,
  "interaction_graph_num_nodes": 18,
  "interaction_graph_num_edges": 28,
  "interaction_graph_is_connected": true,
  "interaction_graph_num_connected_components": 1,
  "interaction_graph_avg_degree": 3.111111111111111,
  "interaction_graph_std_degree": 1.523478800089121,
  "interaction_graph_min_degree": 1,
  "interaction_graph_max_degree": 6,
  "interaction_graph_degree_distribution": {
    "1": 1,
    "3": 1,
    "2": 9,
    "5": 2,
    "4": 3,
    "6": 2
  },
  "interaction_graph_avg_edge_weight": 68.39285714285714,
  "interaction_graph_std_edge_weight": 25.60181255541195,
  "interaction_graph_min_edge_weight": 30,
  "interaction_graph_max_edge_weight": 120,
  "interaction_graph_total_interactions": 1915,
  "interaction_graph_edge_weight_distribution": {
    "100": 2,
    "70": 3,
    "75": 2,
    "120": 1,
    "30": 5,
    "80": 3,
    "90": 4,
    "40": 2,
    "60": 1,
    "50": 2,
    "95": 2,
    "55": 1
  },
  "interaction_graph_clustering_coefficient": 0.6648148148148149,
  "interaction_graph_avg_shortest_path_length": 2.7777777777777777,
  "interaction_graph_diameter": 6,
  "interaction_graph_modularity": 0.5073591066814827,
  "interaction_graph_num_communities": 3,
  "interaction_graph_community_sizes": [
    7,
    5,
    6
  ],
  "interaction_graph_communities": [
    [
      0,
      1,
      2,
      3,
      4,
      5,
      6
    ],
    [
      7,
      8,
      9,
      10,
      11
    ],
    [
      16,
      17,
      12,
      13,
      14,
      15
    ]
  ],
  "interaction_graph_avg_community_size": 6.0,
  "interaction_graph_std_community_size": 0.816496580927726,
  "interaction_graph_min_community_size": 5,
  "interaction_graph_max_community_size": 7,
  "clifford_gate_count": 23105,
  "detailed_clifford_counts": {
    "s": 4030,
    "h": 17060,
    "cx": 1915,
    "sdg": 100
  },
  "depth": 24017,
  "t_gates_per_qubit": {
    "0": 2190,
    "1": 2530,
    "2": 1520,
    "3": 2460,
    "4": 1150,
    "5": 1480,
    "6": 1178,
    "7": 2410,
    "8": 1770,
    "9": 3805,
    "10": 1000,
    "11": 770,
    "12": 1398,
    "13": 1540,
    "14": 1800,
    "15": 760,
    "16": 2120,
    "17": 1963
  },
  "avg_t_gates_per_qubit": 1769.111111111111,
  "std_t_gates_per_qubit": 731.3346922570851,
  "max_t_gates_on_any_qubit": 3805,
  "total_gate_count": 54949,
  "num_qubits": 18,
  "fidelity": null,
  "fidelity_method": "skipped",
  "pre_opt_rotation_operators": 31844,
  "pre_opt_measurement_operators": 18,
  "pre_opt_avg_operator_pauli_weight": 2.3855376310338334,
  "pre_opt_std_operator_pauli_weight": 1.4316172081448986,
  "pre_opt_max_operator_pauli_weight": 8,
  "pre_opt_avg_qubit_interaction_degree": 3674.1111111111113,
  "pre_opt_std_qubit_interaction_degree": 1234.655772490134,
  "pre_opt_max_qubit_interaction_degree": 5756,
  "pbc_t_operators": 9120,
  "pbc_measurement_operators": 18,
  "pbc_total_operators": 9138,
  "pbc_avg_pauli_weight": 11.708798424162836,
  "pbc_std_pauli_weight": 3.9880006137735524,
  "pbc_max_pauli_weight": 18,
  "pbc_min_pauli_weight": 1,
  "pbc_pauli_weight_distribution": {
    "1": 140,
    "2": 246,
    "3": 249,
    "4": 175,
    "5": 170,
    "6": 304,
    "7": 240,
    "9": 330,
    "8": 343,
    "10": 263,
    "11": 537,
    "13": 1297,
    "14": 1673,
    "12": 955,
    "15": 1181,
    "16": 773,
    "17": 231,
    "18": 31
  },
  "pbc_multi_qubit_operator_interaction_pairs": {
    "(0, 1)": 4972,
    "(0, 3)": 4479,
    "(1, 3)": 4689,
    "(0, 2)": 5030,
    "(1, 2)": 5093,
    "(2, 3)": 4774,
    "(4, 5)": 4833,
    "(0, 5)": 4425,
    "(1, 5)": 4538,
    "(2, 5)": 4645,
    "(3, 5)": 4300,
    "(0, 4)": 4618,
    "(1, 4)": 4669,
    "(2, 4)": 4861,
    "(3, 4)": 4439,
    "(0, 6)": 4762,
    "(1, 6)": 4599,
    "(2, 6)": 4815,
    "(3, 6)": 4350,
    "(5, 6)": 4341,
    "(4, 6)": 4672,
    "(0, 7)": 4728,
    "(1, 7)": 4719,
    "(2, 7)": 4805,
    "(3, 7)": 4400,
    "(4, 7)": 4460,
    "(5, 7)": 4397,
    "(9, 11)": 4824,
    "(8, 9)": 5044,
    "(8, 11)": 4866,
    "(0, 8)": 4514,
    "(0, 9)": 4570,
    "(0, 11)": 4335,
    "(1, 8)": 4646,
    "(1, 9)": 4652,
    "(1, 11)": 4526,
    "(3, 8)": 4434,
    "(3, 9)": 4383,
    "(3, 11)": 4300,
    "(7, 8)": 4644,
    "(7, 9)": 4652,
    "(7, 11)": 4500,
    "(2, 8)": 4768,
    "(2, 9)": 4816,
    "(2, 11)": 4574,
    "(4, 8)": 4635,
    "(4, 9)": 4679,
    "(4, 11)": 4658,
    "(5, 8)": 4446,
    "(5, 9)": 4482,
    "(5, 11)": 4426,
    "(6, 8)": 4407,
    "(6, 9)": 4565,
    "(6, 11)": 4231,
    "(6, 7)": 4581,
    "(0, 10)": 4103,
    "(1, 10)": 4265,
    "(2, 10)": 4324,
    "(4, 10)": 4329,
    "(5, 10)": 4166,
    "(6, 10)": 4128,
    "(7, 10)": 4201,
    "(9, 10)": 4436,
    "(8, 10)": 4647,
    "(12, 13)": 4197,
    "(8, 13)": 4339,
    "(9, 13)": 4095,
    "(10, 11)": 4329,
    "(10, 13)": 4214,
    "(11, 13)": 4193,
    "(4, 13)": 3966,
    "(5, 13)": 3964,
    "(0, 12)": 4106,
    "(0, 13)": 3998,
    "(1, 12)": 4067,
    "(1, 13)": 4059,
    "(2, 12)": 4264,
    "(2, 13)": 4234,
    "(4, 12)": 4100,
    "(5, 12)": 4074,
    "(6, 12)": 4038,
    "(6, 13)": 3998,
    "(7, 12)": 4138,
    "(7, 13)": 3970,
    "(8, 12)": 4473,
    "(9, 12)": 4213,
    "(10, 12)": 4317,
    "(11, 12)": 4302,
    "(0, 14)": 3862,
    "(1, 14)": 3802,
    "(2, 14)": 3952,
    "(4, 14)": 3881,
    "(5, 14)": 3870,
    "(6, 14)": 3792,
    "(7, 14)": 3837,
    "(8, 14)": 4111,
    "(9, 14)": 3904,
    "(10, 14)": 3965,
    "(11, 14)": 4010,
    "(12, 14)": 4213,
    "(13, 14)": 3917,
    "(1, 15)": 4040,
    "(3, 10)": 3845,
    "(3, 15)": 3855,
    "(5, 15)": 3753,
    "(7, 15)": 3962,
    "(9, 15)": 4074,
    "(10, 15)": 4216,
    "(11, 15)": 4129,
    "(0, 15)": 3880,
    "(2, 15)": 4155,
    "(4, 15)": 3907,
    "(6, 15)": 3753,
    "(3, 12)": 3991,
    "(3, 13)": 3876,
    "(3, 14)": 3664,
    "(8, 15)": 4234,
    "(12, 15)": 3914,
    "(13, 15)": 4051,
    "(14, 15)": 3703,
    "(16, 17)": 3928,
    "(4, 16)": 3818,
    "(4, 17)": 3781,
    "(5, 16)": 3763,
    "(5, 17)": 3589,
    "(10, 16)": 4128,
    "(10, 17)": 3834,
    "(15, 16)": 4053,
    "(15, 17)": 3807,
    "(1, 16)": 4043,
    "(1, 17)": 3719,
    "(3, 16)": 3808,
    "(3, 17)": 3668,
    "(7, 16)": 3973,
    "(7, 17)": 3804,
    "(9, 16)": 4054,
    "(9, 17)": 3898,
    "(11, 16)": 4085,
    "(11, 17)": 3930,
    "(8, 16)": 4256,
    "(8, 17)": 4024,
    "(2, 17)": 3879,
    "(12, 17)": 3912,
    "(13, 17)": 3745,
    "(14, 17)": 3572,
    "(2, 16)": 4033,
    "(12, 16)": 3932,
    "(13, 16)": 3957,
    "(14, 16)": 3576,
    "(0, 16)": 3829,
    "(0, 17)": 3692,
    "(6, 16)": 3893,
    "(6, 17)": 3641
  },
  "pbc_qubit_interaction_degree": {
    "0": 6255,
    "1": 6463,
    "3": 6080,
    "2": 6548,