{
  "solovay_kitaev_recursion": 1,
  "transpilation_clifford_t_time": 114.22338509559631,
  "t_count": 0,
  "tdg_count": 143840,
  "total_t_family_count": 143840,
  "compilation_precision_digits": null,
  "two_qubit_gate_interaction_pairs": {
    "(0, 1)": 240,
    "(1, 2)": 240,
    "(2, 3)": 240,
    "(3, 4)": 240,
    "(4, 5)": 240,
    "(5, 6)": 240,
    "(6, 7)": 240,
    "(7, 8)": 240,
    "(8, 9)": 240,
    "(9, 10)": 240,
    "(10, 11)": 240,
    "(11, 12)": 240,
    "(12, 13)": 240,
    "(13, 14)": 240,
    "(14, 15)": 240,
    "(15, 16)": 240,
    "(16, 17)": 240,
    "(17, 18)": 240,
    "(18, 19)": 240,
    "(19, 20)": 240,
    "(20, 21)": 240,
    "(21, 22)": 240,
    "(22, 23)": 240,
    "(23, 24)": 240,
    "(24, 25)": 240,
    "(25, 26)": 240,
    "(26, 27)": 240,
    "(27, 28)": 240,
    "(28, 29)": 240,
    "(29, 30)": 240,
    "(30, 31)": 240,
    "(31, 32)": 240,
    "(32, 33)": 240,
    "(33, 34)": 240,
    "(34, 35)": 240,
    "(0, 35)": 200
  },
  "total_two_qubit_gates": 8600,
  "qubit_interaction_degree": {
    "0": 440,
    "1": 480,
    "2": 480,
    "3": 480,
    "4": 480,
    "5": 480,
    "6": 480,
    "7": 480,
    "8": 480,
    "9": 480,
    "10": 480,
    "11": 480,
    "12": 480,
    "13": 480,
    "14": 480,
    "15": 480,
    "16": 480,
    "17": 480,
    "18": 480,
    "19": 480,
    "20": 480,
    "21": 480,
    "22": 480,
    "23": 480,
    "24": 480,
    "25": 480,
    "26": 480,
    "27": 480,
    "28": 480,
    "29": 480,
    "30": 480,
    "31": 480,
    "32": 480,
    "33": 480,
    "34": 480,
    "35": 440
  },
  "interaction_graph_density": 13.65079365079365,
  "avg_qubit_interaction_degree": 477.77777777777777,
  "std_qubit_interaction_degree": 9.162456945817024,
  "max_qubit_interaction_degree": 480,
  "interaction_graph_num_nodes": 36,
  "interaction_graph_num_edges": 36,
  "interaction_graph_is_connected": true,
  "interaction_graph_num_connected_components": 1,
  "interaction_graph_avg_degree": 2.0,
  "interaction_graph_std_degree": 0.0,
  "interaction_graph_min_degree": 2,
  "interaction_graph_max_degree": 2,
  "interaction_graph_degree_distribution": {
    "2": 36
  },
  "interaction_graph_avg_edge_weight": 238.88888888888889,
  "interaction_graph_std_edge_weight": 6.573421981221797,
  "interaction_graph_min_edge_weight": 200,
  "interaction_graph_max_edge_weight": 240,
  "interaction_graph_total_interactions": 8600,
  "interaction_graph_edge_weight_distribution": {
    "240": 35,
    "200": 1
  },
  "interaction_graph_clustering_coefficient": 0.0,
  "interaction_graph_avg_shortest_path_length": 9.257142857142858,
  "interaction_graph_diameter": 18,
  "interaction_graph_modularity": 0.6643050297458085,
  "interaction_graph_num_communities": 6,
  "interaction_graph_community_sizes": [
    6,
    6,
    8,
    6,
    4,
    6
  ],
  "interaction_graph_communities": [
    [
      0,
      1,
      2,
      3,
      4,
      5
    ],
    [
      6,
      7,
      8,
      9,
      10,
      11
    ],
    [
      12,
      13,
      14,
      15,
      16,
      17,
      18,
      19
    ],
    [
      20,
      21,
      22,
      23,
      24,
      25
    ],
    [
      26,
      27,
      28,
      29
    ],
    [
      32,
      33,
      34,
      35,
      30,
      31
    ]
  ],
  "interaction_graph_avg_community_size": 6.0,
  "interaction_graph_std_community_size": 1.1547005383792515,
  "interaction_graph_min_community_size": 4,
  "interaction_graph_max_community_size": 8,
  "clifford_gate_count": 94880,
  "detailed_clifford_counts": {
    "s": 54640,
    "h": 31640,
    "cx": 8600
  },
  "depth": 153760,
  "t_gates_per_qubit": {
    "0": 3040,
    "1": 4000,
    "2": 4000,
    "3": 4000,
    "4": 4000,
    "5": 4000,
    "6": 4000,
    "7": 4000,
    "8": 4000,
    "9": 4000,
    "10": 4000,
    "11": 4000,
    "12": 4000,
    "13": 4000,
    "14": 4000,
    "15": 4000,
    "16": 4000,
    "17": 4000,
    "18": 4000,
    "19": 4000,
    "20": 4000,
    "21": 4000,
    "22": 4000,
    "23": 4000,
    "24": 4000,
    "25": 4000,
    "26": 4000,
    "27": 4000,
    "28": 4000,
    "29": 4000,
    "30": 4000,
    "31": 4000,
    "32": 4000,
    "33": 4000,
    "34": 4000,
    "35": 4800
  },
  "avg_t_gates_per_qubit": 3995.5555555555557,
  "std_t_gates_per_qubit": 208.22589822439963,
  "max_t_gates_on_any_qubit": 4800,
  "total_gate_count": 238720,
  "num_qubits": 36,
  "fidelity": null,
  "fidelity_method": "skipped",
  "pre_opt_rotation_operators": 143840,
  "pre_opt_measurement_operators": 36,
  "pre_opt_avg_operator_pauli_weight": 1.1195473880285802,
  "pre_opt_std_operator_pauli_weight": 0.3244315182656029,
  "pre_opt_max_operator_pauli_weight": 2,
  "pre_opt_avg_qubit_interaction_degree": 955.5555555555555,
  "pre_opt_std_qubit_interaction_degree": 18.324913891634047,
  "pre_opt_max_qubit_interaction_degree": 960,
  "pbc_t_operators": 0,
  "pbc_measurement_operators": 36,
  "pbc_total_operators": 36,
  "pbc_avg_pauli_weight": 1.0,
  "pbc_std_pauli_weight": 0.0,
  "pbc_max_pauli_weight": 1,
  "pbc_min_pauli_weight": 1,
  "pbc_pauli_weight_distribution": {
    "1": 36
  },
  "pbc_multi_qubit_operator_interaction_pairs": {},
  "pbc_qubit_interaction_degree": {},
  "pbc_avg_qubit_interaction_degree": "Not computable: no multi-qubit operators",
  "pbc_std_qubit_interaction_degree": "Not computable: no multi-qubit operators",
  "pbc_max_qubit_interaction_degree": "Not computable: no multi-qubit operators",
  "pbc_interaction_graph_num_nodes": 36,
  "pbc_interaction_graph_num_edges": 36,
  "pbc_interaction_graph_is_connected": true,
  "pbc_interaction_graph_num_connected_components": 1,
  "pbc_interaction_graph_avg_degree": 2.0,
  "pbc_interaction_graph_std_degree": 0.0,
  "pbc_interaction_graph_min_degree": 2,
  "pbc_interaction_graph_max_degree": 2,
  "pbc_interaction_graph_degree_distribution": {
    "2": 36
  },
  "pbc_interaction_graph_avg_edge_weight": 477.77777777777777,
  "pbc_interaction_graph_std_edge_weight": 13.146843962443594,
  "pbc_interaction_graph_min_edge_weight": 400,
  "pbc_interaction_graph_max_edge_weight": 480,
  "pbc_interaction_graph_total_interactions": 17200,
  "pbc_interaction_graph_edge_weight_distribution": {
    "480": 35,
    "400": 1
  },
  "pbc_interaction_graph_clustering_coefficient": 0.0,
  "pbc_interaction_graph_avg_shortest_path_length": 9.257142857142858,
  "pbc_interaction_graph_diameter": 18,
  "pbc_interaction_graph_modularity": 0.6583450513791238,
  "pbc_interaction_graph_num_communities": 6,
  "pbc_interaction_graph_community_sizes": [
    5,
    8,
    6,
    4,
    6,
    7
  ],
  "pbc_interaction_graph_communities": [
    [
      3,
      4,
      5,
      6,
      7
    ],
    [
      8,
      9,
      10,
      11,
      12,
      13,
      14,
      15
    ],
    [
      16,
      17,
      18,
      19,
      20,
      21
    ],
    [
      24,
      25,
      22,
      23
    ],
    [
      26,
      27,
      28,
      29,
      30,
      31
    ],
    [
      32,
      33,
      34,
      35,
      0,
      1,
      2
    ]
  ],
  "pbc_interaction_graph_avg_community_size": 6.0,
  "pbc_interaction_graph_std_community_size": 1.2909944487358056,
  "pbc_interaction_graph_min_community_size": 4,
  "pbc_interaction_graph_max_community_size": 8,
  "pbc_total_multi_qubit_operator_applications_on_pairs": 0,
  "pre_opt_avg_rotations_per_layer": "Not computable: missing data",
  "pre_opt_num_measurement_ops": 36,
  "pre_opt_std_pauli_weight": 0.3244315182656029,
  "pre_opt_max_pauli_weight": "Not computable: missing data",
  "pbc_avg_operator_pauli_weight": 1.0,
  "pbc_std_operator_pauli_weight": 0.0,
  "pbc_max_operator_pauli_weight": 1,
  "pbc_rotation_operators": 0,
  "pbc_optimized": true,
  "pipeline": "SK",
  "parameter_type": "recursion_degree",
  "parameter_value": 1
}
