{
  "solovay_kitaev_recursion": 2,
  "transpilation_clifford_t_time": 12.18155813217163,
  "t_count": 9720,
  "tdg_count": 13680,
  "total_t_family_count": 23400,
  "compilation_precision_digits": null,
  "two_qubit_gate_interaction_pairs": {
    "(0, 1)": 10,
    "(1, 2)": 10,
    "(2, 3)": 10,
    "(3, 4)": 10,
    "(4, 5)": 10,
    "(0, 6)": 10,
    "(0, 5)": 10,
    "(1, 7)": 10,
    "(6, 7)": 10,
    "(2, 8)": 10,
    "(7, 8)": 10,
    "(3, 9)": 10,
    "(8, 9)": 10,
    "(4, 10)": 10,
    "(9, 10)": 10,
    "(5, 11)": 10,
    "(10, 11)": 10,
    "(6, 12)": 10,
    "(6, 11)": 10,
    "(7, 13)": 10,
    "(12, 13)": 10,
    "(8, 14)": 10,
    "(13, 14)": 10,
    "(9, 15)": 10,
    "(14, 15)": 10,
    "(10, 16)": 10,
    "(15, 16)": 10,
    "(11, 17)": 10,
    "(16, 17)": 10,
    "(12, 18)": 10,
    "(12, 17)": 10,
    "(13, 19)": 10,
    "(18, 19)": 10,
    "(14, 20)": 10,
    "(19, 20)": 10,
    "(15, 21)": 10,
    "(20, 21)": 10,
    "(16, 22)": 10,
    "(21, 22)": 10,
    "(17, 23)": 10,
    "(22, 23)": 10,
    "(18, 24)": 10,
    "(18, 23)": 10,
    "(19, 25)": 10,
    "(24, 25)": 10,
    "(20, 26)": 10,
    "(25, 26)": 10,
    "(21, 27)": 10,
    "(26, 27)": 10,
    "(22, 28)": 10,
    "(27, 28)": 10,
    "(23, 29)": 10,
    "(28, 29)": 10,
    "(24, 30)": 10,
    "(24, 29)": 10,
    "(25, 31)": 10,
    "(30, 31)": 10,
    "(0, 30)": 10,
    "(26, 32)": 10,
    "(31, 32)": 10,
    "(1, 31)": 10,
    "(27, 33)": 10,
    "(32, 33)": 10,
    "(2, 32)": 10,
    "(28, 34)": 10,
    "(33, 34)": 10,
    "(3, 33)": 10,
    "(29, 35)": 10,
    "(34, 35)": 10,
    "(4, 34)": 10,
    "(30, 35)": 10,
    "(5, 35)": 10
  },
  "total_two_qubit_gates": 720,
  "qubit_interaction_degree": {
    "0": 40,
    "1": 40,
    "2": 40,
    "3": 40,
    "4": 40,
    "5": 40,
    "6": 40,
    "7": 40,
    "8": 40,
    "9": 40,
    "10": 40,
    "11": 40,
    "12": 40,
    "13": 40,
    "14": 40,
    "15": 40,
    "16": 40,
    "17": 40,
    "18": 40,
    "19": 40,
    "20": 40,
    "21": 40,
    "22": 40,
    "23": 40,
    "24": 40,
    "25": 40,
    "26": 40,
    "27": 40,
    "28": 40,
    "29": 40,
    "30": 40,
    "31": 40,
    "32": 40,
    "33": 40,
    "34": 40,
    "35": 40
  },
  "interaction_graph_density": 1.1428571428571428,
  "avg_qubit_interaction_degree": 40.0,
  "std_qubit_interaction_degree": 0.0,
  "max_qubit_interaction_degree": 40,
  "interaction_graph_num_nodes": 36,
  "interaction_graph_num_edges": 72,
  "interaction_graph_is_connected": true,
  "interaction_graph_num_connected_components": 1,
  "interaction_graph_avg_degree": 4.0,
  "interaction_graph_std_degree": 0.0,
  "interaction_graph_min_degree": 4,
  "interaction_graph_max_degree": 4,
  "interaction_graph_degree_distribution": {
    "4": 36
  },
  "interaction_graph_avg_edge_weight": 10.0,
  "interaction_graph_std_edge_weight": 0.0,
  "interaction_graph_min_edge_weight": 10,
  "interaction_graph_max_edge_weight": 10,
  "interaction_graph_total_interactions": 720,
  "interaction_graph_edge_weight_distribution": {
    "10": 72
  },
  "interaction_graph_clustering_coefficient": 0.0,
  "interaction_graph_avg_shortest_path_length": 3.085714285714286,
  "interaction_graph_diameter": 6,
  "interaction_graph_modularity": 0.40740740740740744,
  "interaction_graph_num_communities": 4,
  "interaction_graph_community_sizes": [
    8,
    12,
    8,
    8
  ],
  "interaction_graph_communities": [
    [
      0,
      1,
      2,
      3,
      6,
      7,
      8,
      9
    ],
    [
      34,
      35,
      4,
      5,
      10,
      11,
      16,
      17,
      22,
      23,
      28,
      29
    ],
    [
      12,
      13,
      14,
      15,
      18,
      19,
      20,
      21
    ],
    [
      32,
      33,
      24,
      25,
      26,
      27,
      30,
      31
    ]
  ],
  "interaction_graph_avg_community_size": 9.0,
  "interaction_graph_std_community_size": 1.7320508075688772,
  "interaction_graph_min_community_size": 8,
  "interaction_graph_max_community_size": 12,
  "clifford_gate_count": 20160,
  "detailed_clifford_counts": {
    "cx": 720,
    "h": 17280,
    "s": 2160
  },
  "depth": 9022,
  "t_gates_per_qubit": {
    "1": 405,
    "2": 405,
    "3": 405,
    "4": 405,
    "5": 650,
    "6": 405,
    "7": 650,
    "8": 650,
    "9": 650,
    "10": 650,
    "11": 895,
    "12": 405,
    "13": 650,
    "14": 650,
    "15": 650,
    "16": 650,
    "17": 895,
    "18": 405,
    "19": 650,
    "20": 650,
    "21": 650,
    "22": 650,
    "23": 895,
    "24": 405,
    "25": 650,
    "26": 650,
    "27": 650,
    "28": 650,
    "29": 895,
    "30": 650,
    "31": 895,
    "0": 160,
    "32": 895,
    "33": 895,
    "34": 895,
    "35": 1140
  },
  "avg_t_gates_per_qubit": 650.0,
  "std_t_gates_per_qubit": 200.04166232729287,
  "max_t_gates_on_any_qubit": 1140,
  "total_gate_count": 43560,
  "num_qubits": 36,
  "fidelity": null,
  "fidelity_method": "skipped",
  "pre_opt_rotation_operators": 23400,
  "pre_opt_measurement_operators": 36,
  "pre_opt_avg_operator_pauli_weight": 1.4147465437788018,
  "pre_opt_std_operator_pauli_weight": 0.4926782400333307,
  "pre_opt_max_operator_pauli_weight": 2,
  "pre_opt_avg_qubit_interaction_degree": 540.0,
  "pre_opt_std_qubit_interaction_degree": 0.0,
  "pre_opt_max_qubit_interaction_degree": 540,
  "pbc_t_operators": 13680,
  "pbc_measurement_operators": 36,
  "pbc_total_operators": 13716,
  "pbc_avg_pauli_weight": 1.4986876640419948,
  "pbc_std_pauli_weight": 0.4999982777713673,
  "pbc_max_pauli_weight": 2,
  "pbc_min_pauli_weight": 1,
  "pbc_pauli_weight_distribution": {
    "2": 6840,
    "1": 6876
  },
  "pbc_multi_qubit_operator_interaction_pairs": {
    "(0, 1)": 95,
    "(1, 2)": 95,
    "(2, 3)": 95,
    "(0, 6)": 95,
    "(1, 7)": 95,
    "(3, 4)": 95,
    "(6, 7)": 95,
    "(2, 8)": 95,
    "(4, 5)": 95,
    "(7, 8)": 95,
    "(3, 9)": 95,
    "(0, 5)": 95,
    "(8, 9)": 95,
    "(4, 10)": 95,
    "(6, 12)": 95,
    "(7, 13)": 95,
    "(9, 10)": 95,
    "(5, 11)": 95,
    "(12, 13)": 95,
    "(8, 14)": 95,
    "(10, 11)": 95,
    "(13, 14)": 95,
    "(9, 15)": 95,
    "(6, 11)": 95,
    "(14, 15)": 95,
    "(10, 16)": 95,
    "(12, 18)": 95,
    "(13, 19)": 95,
    "(15, 16)": 95,
    "(11, 17)": 95,
    "(18, 19)": 95,
    "(14, 20)": 95,
    "(16, 17)": 95,
    "(19, 20)": 95,
    "(15, 21)": 95,
    "(12, 17)": 95,
    "(20, 21)": 95,
    "(16, 22)": 95,
    "(18, 24)": 95,
    "(19, 25)": 95,
    "(21, 22)": 95,
    "(17, 23)": 95,
    "(24, 25)": 95,
    "(20, 26)": 95,
    "(22, 23)": 95,
    "(25, 26)": 95,
    "(21, 27)": 95,
    "(18, 23)": 95,
    "(26, 27)": 95,
    "(22, 28)": 95,
    "(24, 30)": 95,
    "(25, 31)": 95,
    "(27, 28)": 95,
    "(23, 29)": 95,
    "(30, 31)": 95,
    "(26, 32)": 95,
    "(28, 29)": 95,
    "(31, 32)": 95,
    "(27, 33)": 95,
    "(24, 29)": 95,
    "(0, 30)": 95,
    "(1, 31)": 95,
    "(32, 33)": 95,
    "(28, 34)": 95,
    "(2, 32)": 95,
    "(33, 34)": 95,
    "(29, 35)": 95,
    "(3, 33)": 95,
    "(34, 35)": 95,
    "(4, 34)": 95,
    "(30, 35)": 95,
    "(5, 35)": 95
  },
  "pbc_qubit_interaction_degree": {
    "0": 380,
    "1": 380,
    "2": 380,
    "3": 380,
    "6": 380,
    "7": 380,
    "4": 380,
    "8": 380,
    "5": 380,
    "9": 380,
    "10": 380,
    "12": 380,
    "13": 380,
    "11": 380,
    "14": 380,
    "15": 380,
    "16": 380,
    "18": 380,
    "19": 380,
    "17": 380,
    "20": 380,
    "21": 380,
    "22": 380,
    "24": 380,
    "25": 380,
    "23": 380,
    "26": 380,
    "27": 380,
    "28": 380,
    "30": 380,
    "31": 380,
    "29": 380,
    "32": 380,
    "33": 380,
    "34": 380,
    "35": 380
  },
  "pbc_avg_qubit_interaction_degree": 380.0,
  "pbc_std_qubit_interaction_degree": 0.0,
  "pbc_max_qubit_interaction_degree": 380,
  "pbc_interaction_graph_num_nodes": 36,
  "pbc_interaction_graph_num_edges": 72,
  "pbc_interaction_graph_is_connected": true,
  "pbc_interaction_graph_num_connected_components": 1,
  "pbc_interaction_graph_avg_degree": 4.0,