{
  "solovay_kitaev_recursion": 2,
  "num_qubits": 18,
  "initial_clifford_t_t_gates_for_pbc": 4539,
  "processed_rpc_t_gates": 4539,
  "optimized_rpc_t_gates": 3021,
  "t_optimize_ratio_rpc": 0.33443489755452743,
  "optimize_iterations_rpc": 2,
  "raw_rpc_t_layers": 2065,
  "optimized_rpc_t_layers": 1767,
  "t_layer_reduction_ratio_rpc": 0.14430992736077486,
  "pre_opt_rotation_operators": 4539,
  "pre_opt_rotation_layers": 2065,
  "pre_opt_measurement_operators": 18,
  "pre_opt_avg_rotations_per_layer": 2.1980629539951573,
  "pre_opt_avg_operator_pauli_weight": 1.1678736010533246,
  "pre_opt_std_operator_pauli_weight": 0.3737540034872052,
  "pre_opt_max_operator_pauli_weight": 2,
  "pre_opt_avg_qubit_interaction_degree": 85.0,
  "pre_opt_std_qubit_interaction_degree": 20.011108026404845,
  "pre_opt_max_qubit_interaction_degree": 102,
  "pre_opt_t_gates": 4539,
  "pbc_rotation_operators": 3021,
  "pbc_rotation_layers": 1752,
  "pbc_measurement_operators": 18,
  "pbc_avg_rotations_per_layer": 1.7243150684931507,
  "pbc_avg_operator_pauli_weight": 7.4076999012833165,
  "pbc_std_operator_pauli_weight": 4.071177344393121,
  "pbc_max_operator_pauli_weight": 17,
  "pbc_avg_qubit_interaction_degree": 1232.0,
  "pbc_std_qubit_interaction_degree": 628.2790427473732,
  "pbc_max_qubit_interaction_degree": 2042,
  "pbc_conversion_time": 26.741480112075806,
  "pbc_t_operators": 3021,
  "pbc_total_operators": 3039,
  "pbc_avg_pauli_weight": 7.4076999012833165,
  "pbc_std_pauli_weight": 4.071177344393121,
  "pbc_max_pauli_weight": 17,
  "pbc_min_pauli_weight": 1,
  "pbc_pauli_weight_distribution": {
    "1": 336,
    "2": 132,
    "3": 192,
    "4": 179,
    "5": 202,
    "6": 268,
    "7": 183,
    "8": 260,
    "9": 238,
    "10": 260,
    "11": 289,
    "12": 148,
    "13": 122,
    "14": 130,
    "15": 80,
    "16": 2,
    "17": 18
  },
  "pbc_multi_qubit_operator_interaction_pairs": {
    "(0, 1)": 1277,
    "(1, 2)": 1097,
    "(0, 2)": 1425,
    "(0, 3)": 1520,
    "(2, 3)": 1380,
    "(0, 4)": 1379,
    "(2, 4)": 1324,
    "(3, 4)": 1460,
    "(0, 5)": 1324,
    "(2, 5)": 1190,
    "(4, 5)": 1337,
    "(3, 5)": 1481,
    "(1, 3)": 1336,
    "(1, 4)": 1386,
    "(1, 5)": 1252,
    "(0, 6)": 1200,
    "(1, 6)": 1224,
    "(5, 6)": 1248,
    "(3, 6)": 1263,
    "(4, 6)": 1382,
    "(2, 6)": 1242,
    "(0, 7)": 1113,
    "(1, 7)": 1081,
    "(2, 7)": 1061,
    "(6, 7)": 1160,
    "(4, 7)": 1142,
    "(5, 7)": 1241,
    "(3, 7)": 1286,
    "(0, 8)": 1045,
    "(1, 8)": 1003,
    "(2, 8)": 1015,
    "(3, 8)": 1113,
    "(7, 8)": 1062,
    "(5, 8)": 1043,
    "(6, 8)": 1127,
    "(4, 8)": 1187,
    "(0, 9)": 877,
    "(1, 9)": 911,
    "(2, 9)": 786,
    "(3, 9)": 1012,
    "(4, 9)": 980,
    "(8, 9)": 959,
    "(6, 9)": 950,
    "(7, 9)": 980,
    "(5, 9)": 1042,
    "(0, 10)": 757,
    "(1, 10)": 761,
    "(3, 10)": 815,
    "(4, 10)": 884,
    "(5, 10)": 852,
    "(9, 10)": 829,
    "(2, 10)": 735,
    "(7, 10)": 830,
    "(8, 10)": 870,
    "(6, 10)": 932,
    "(0, 11)": 726,
    "(1, 11)": 652,
    "(2, 11)": 672,
    "(4, 11)": 708,
    "(5, 11)": 755,
    "(6, 11)": 772,
    "(10, 11)": 725,
    "(3, 11)": 777,
    "(8, 11)": 740,
    "(9, 11)": 733,
    "(7, 11)": 801,
    "(0, 12)": 565,
    "(1, 12)": 586,
    "(2, 12)": 538,
    "(3, 12)": 624,
    "(5, 12)": 568,
    "(6, 12)": 653,
    "(7, 12)": 641,
    "(11, 12)": 604,
    "(4, 12)": 648,
    "(9, 12)": 599,
    "(10, 12)": 605,
    "(8, 12)": 689,
    "(0, 13)": 439,
    "(1, 13)": 439,
    "(2, 13)": 469,
    "(3, 13)": 515,
    "(4, 13)": 496,
    "(6, 13)": 467,
    "(7, 13)": 525,
    "(8, 13)": 530,
    "(12, 13)": 459,
    "(5, 13)": 508,
    "(10, 13)": 474,
    "(11, 13)": 468,
    "(9, 13)": 545,
    "(0, 14)": 375,
    "(1, 14)": 326,
    "(3, 14)": 400,
    "(4, 14)": 393,
    "(5, 14)": 381,
    "(7, 14)": 361,
    "(8, 14)": 443,
    "(9, 14)": 411,
    "(13, 14)": 339,
    "(2, 14)": 301,
    "(6, 14)": 426,
    "(11, 14)": 378,
    "(12, 14)": 344,
    "(10, 14)": 432,
    "(0, 15)": 233,
    "(1, 15)": 275,
    "(2, 15)": 255,
    "(4, 15)": 288,
    "(5, 15)": 280,
    "(6, 15)": 303,
    "(8, 15)": 283,
    "(9, 15)": 322,
    "(10, 15)": 307,
    "(14, 15)": 248,
    "(3, 15)": 287,
    "(7, 15)": 307,
    "(12, 15)": 272,
    "(13, 15)": 226,
    "(11, 15)": 314,
    "(0, 16)": 194,
    "(1, 16)": 136,
    "(3, 16)": 215,
    "(5, 16)": 180,
    "(6, 16)": 185,
    "(7, 16)": 203,
    "(9, 16)": 185,
    "(10, 16)": 210,
    "(11, 16)": 228,
    "(15, 16)": 171,
    "(2, 16)": 236,
    "(4, 16)": 187,
    "(8, 16)": 212,
    "(13, 16)": 182,
    "(14, 16)": 147,
    "(12, 16)": 210,
    "(0, 17)": 128,
    "(1, 17)": 90,
    "(2, 17)": 121,
    "(4, 17)": 122,
    "(6, 17)": 114,
    "(7, 17)": 90,
    "(8, 17)": 127,
    "(10, 17)": 101,
    "(11, 17)": 125,
    "(12, 17)": 122,
    "(16, 17)": 102,
    "(3, 17)": 124,
    "(5, 17)": 80,
    "(9, 17)": 111,
    "(14, 17)": 89,
    "(15, 17)": 76,
    "(13, 17)": 114
  },
  "pbc_qubit_interaction_degree": {
    "0": 1968,
    "1": 1817,
    "2": 1833,
    "3": 2042,
    "4": 1951,
    "5": 1816,
    "6": 1702,
    "7": 1548,
    "8": 1424,
    "9": 1258,
    "10": 1107,
    "11": 967,
    "12": 805,
    "13": 644,
    "14": 507,
    "15": 379,
    "16": 263,
    "17": 145
  },
  "pbc_interaction_graph_num_nodes": 18,
  "pbc_interaction_graph_num_edges": 153,
  "pbc_interaction_graph_is_connected": true,
  "pbc_interaction_graph_num_connected_components": 1,
  "pbc_interaction_graph_avg_degree": 17.0,
  "pbc_interaction_graph_std_degree": 0.0,
  "pbc_interaction_graph_min_degree": 17,
  "pbc_interaction_graph_max_degree": 17,
  "pbc_interaction_graph_degree_distribution": {
    "17": 18
  },
  "pbc_interaction_graph_avg_edge_weight": 636.0130718954248,
  "pbc_interaction_graph_std_edge_weight": 412.7166966873891,
  "pbc_interaction_graph_min_edge_weight": 76,
  "pbc_interaction_graph_max_edge_weight": 1520,
  "pbc_interaction_graph_total_interactions": 97310,
  "pbc_interaction_graph_edge_weight_distribution": {
    "1277": 1,
    "1425": 1,
    "1520": 1,
    "1379": 1,
    "1324": 2,
    "1200": 1,
    "1113": 2,
    "1045": 1,
    "877": 1,
    "757": 1,
    "726": 1,
    "565": 1,
    "439": 2,
    "375": 1,
    "233": 1,
    "194": 1,
    "128": 1,
    "1097": 1,
    "1336": 1,
    "1386": 1,
    "1252": 1,
    "1224": 1,
    "1081": 1,
    "1003": 1,
    "911": 1,
    "761": 1,
    "652": 1,
    "586": 1,
    "326": 1,
    "275": 1,
    "136": 1,
    "90": 2,
    "1380": 1,
    "1190": 1,
    "1242": 1,
    "1061": 1,
    "1015": 1,
    "786": 1,
    "735": 1,
    "672": 1,
    "538": 1,
    "469": 1,
    "301": 1,
    "255": 1,
    "236": 1,
    "121": 1,
    "1460": 1,
    "1481": 1,
    "1263": 1,
    "1286": 1,
    "1012": 1,
    "815": 1,
    "777": 1,
    "624": 1,
    "515": 1,
    "400": 1,
    "287": 1,
    "215": 1,
    "124": 1,
    "1337": 1,
    "1382": 1,
    "1142": 1,
    "1187": 1,
    "980": 2,
    "884": 1,
    "708": 1,
    "648": 1,
    "496": 1,
    "393": 1,
    "288": 1,
    "187": 1,
    "122": 2,
    "1248": 1,
    "1241": 1,
    "1043": 1,
    "1042": 1,
    "852": 1,
    "755": 1,
    "568": 1,
    "508": 1,
    "381": 1,
    "280": 1,
    "180": 1,
    "80": 1,
    "1160": 1,
    "1127": 1,
    "950": 1,
    "932": 1,
    "772": 1,
    "653": 1,
    "467": 1,
    "426": 1,
    "303": 1,
    "185": 2,
    "114": 2,
    "1062": 1,
    "830": 1,
    "801": 1,
    "641": 1,
    "525": 1,
    "361": 1,
    "307": 2,
    "203": 1,
    "959": 1,
    "870": 1,
    "740": 1,
    "689": 1,
    "530": 1,
    "443": 1,
    "283": 1,
    "212": 1,
    "127": 1,
    "829": 1,
    "733": 1,
    "599": 1,
    "545": 1,
    "411": 1,
    "322": 1,
    "111": 1,
    "725": 1,
    "605": 1,
    "474": 1,
    "432": 1,
    "210": 2,
    "101": 1,
    "604": 1,
    "468": 1,
    "378": 1,
    "314": 1,
    "228": 1,
    "125": 1,
    "459": 1,
    "344": 1,
    "272": 1,
    "339": 1,
    "226": 1,
    "182": 1,