{
  "t_count": 5457,
  "tdg_count": 13499,
  "total_t_family_count": 18956,
  "compilation_precision_digits": null,
  "two_qubit_gate_interaction_pairs": {
    "(10, 11)": 161,
    "(9, 10)": 258,
    "(9, 11)": 193,
    "(1, 9)": 104,
    "(1, 10)": 100,
    "(1, 11)": 116,
    "(2, 9)": 104,
    "(2, 10)": 100,
    "(2, 11)": 116,
    "(3, 9)": 104,
    "(3, 10)": 100,
    "(3, 11)": 116,
    "(4, 9)": 104,
    "(4, 10)": 100,
    "(4, 11)": 116,
    "(5, 9)": 104,
    "(5, 10)": 100,
    "(5, 11)": 116,
    "(6, 9)": 104,
    "(4, 5)": 10,
    "(6, 10)": 100,
    "(6, 11)": 116,
    "(7, 9)": 104,
    "(3, 6)": 10,
    "(7, 10)": 100,
    "(7, 11)": 116,
    "(8, 9)": 104,
    "(2, 7)": 10,
    "(8, 10)": 100,
    "(8, 11)": 116,
    "(1, 8)": 10,
    "(1, 2)": 4,
    "(1, 3)": 4,
    "(2, 3)": 4,
    "(1, 4)": 4,
    "(2, 4)": 4,
    "(3, 4)": 4,
    "(1, 5)": 4,
    "(2, 5)": 4,
    "(3, 5)": 4,
    "(1, 6)": 4,
    "(2, 6)": 4,
    "(4, 6)": 4,
    "(5, 6)": 4,
    "(1, 7)": 4,
    "(3, 7)": 4,
    "(4, 7)": 4,
    "(5, 7)": 4,
    "(6, 7)": 4,
    "(0, 1)": 2,
    "(2, 8)": 4,
    "(0, 2)": 2,
    "(3, 8)": 4,
    "(0, 3)": 2,
    "(4, 8)": 4,
    "(0, 4)": 2,
    "(5, 8)": 4,
    "(0, 5)": 2,
    "(6, 8)": 4,
    "(0, 6)": 2,
    "(7, 8)": 4,
    "(0, 7)": 2,
    "(0, 8)": 2
  },
  "total_two_qubit_gates": 3324,
  "qubit_interaction_degree": {
    "11": 1282,
    "10": 1219,
    "9": 1283,
    "1": 356,
    "2": 356,
    "3": 356,
    "4": 356,
    "5": 356,
    "6": 356,
    "7": 356,
    "8": 356,
    "0": 16
  },
  "interaction_graph_density": 50.36363636363637,
  "avg_qubit_interaction_degree": 554.0,
  "std_qubit_interaction_degree": 418.999403340864,
  "max_qubit_interaction_degree": 1283,
  "interaction_graph_num_nodes": 12,
  "interaction_graph_num_edges": 63,
  "interaction_graph_is_connected": true,
  "interaction_graph_num_connected_components": 1,
  "interaction_graph_avg_degree": 10.5,
  "interaction_graph_std_degree": 0.8660254037844386,
  "interaction_graph_min_degree": 8,
  "interaction_graph_max_degree": 11,
  "interaction_graph_degree_distribution": {
    "8": 1,
    "11": 8,
    "10": 3
  },
  "interaction_graph_avg_edge_weight": 52.76190476190476,
  "interaction_graph_std_edge_weight": 60.33575745872354,
  "interaction_graph_min_edge_weight": 2,
  "interaction_graph_max_edge_weight": 258,
  "interaction_graph_total_interactions": 3324,
  "interaction_graph_edge_weight_distribution": {
    "2": 8,
    "104": 8,
    "100": 8,
    "116": 8,
    "10": 4,
    "4": 24,
    "258": 1,
    "193": 1,
    "161": 1
  },
  "interaction_graph_clustering_coefficient": 0.9636363636363635,
  "interaction_graph_avg_shortest_path_length": 1.0454545454545454,
  "interaction_graph_diameter": 2,
  "interaction_graph_modularity": 0.0,
  "interaction_graph_num_communities": 1,
  "interaction_graph_community_sizes": [
    12
  ],
  "interaction_graph_communities": [
    [
      0,
      1,
      2,
      3,
      4,
      5,
      6,
      7,
      8,
      9,
      10,
      11
    ]
  ],
  "interaction_graph_avg_community_size": 12.0,
  "interaction_graph_std_community_size": 0.0,
  "interaction_graph_min_community_size": 12,
  "interaction_graph_max_community_size": 12,
  "clifford_gate_count": 16035,
  "detailed_clifford_counts": {
    "h": 8742,
    "s": 3969,
    "cx": 3324
  },
  "depth": 26248,
  "t_gates_per_qubit": {
    "0": 42,
    "2": 238,
    "3": 299,
    "4": 246,
    "6": 170,
    "8": 161,
    "9": 5764,
    "10": 7038,
    "11": 4378,
    "1": 229,
    "5": 244,
    "7": 147
  },
  "avg_t_gates_per_qubit": 1579.6666666666667,
  "std_t_gates_per_qubit": 2455.8873933649497,
  "max_t_gates_on_any_qubit": 7038,
  "total_gate_count": 34991,
  "num_qubits": 12,
  "pbc_t_operators": 18956,
  "pbc_measurement_operators": 12,
  "pbc_conversion_time": 0.42398691177368164,
  "pbc_optimized": false,
  "pbc_total_operators": 18968,
  "pbc_avg_pauli_weight": 4.714308308730494,
  "pbc_std_pauli_weight": 2.350740848128437,
  "pbc_max_pauli_weight": 11,
  "pbc_min_pauli_weight": 1,
  "pbc_pauli_weight_distribution": {
    "1": 1906,
    "2": 1383,
    "3": 3886,
    "4": 2421,
    "5": 1906,
    "6": 2315,
    "7": 2449,
    "8": 1650,
    "9": 916,
    "10": 96,
    "11": 40
  },
  "pbc_multi_qubit_operator_interaction_pairs": {
    "(10, 11)": 10303,
    "(9, 10)": 10893,
    "(9, 11)": 8626,
    "(1, 9)": 7133,
    "(1, 11)": 5732,
    "(1, 10)": 8482,
    "(2, 9)": 1367,
    "(2, 11)": 932,
    "(1, 2)": 974,
    "(2, 10)": 1023,
    "(1, 3)": 2746,
    "(3, 9)": 3911,
    "(3, 10)": 3831,
    "(3, 11)": 3492,
    "(1, 4)": 6379,
    "(4, 9)": 5362,
    "(4, 10)": 6870,
    "(3, 4)": 2304,
    "(4, 11)": 5067,
    "(3, 5)": 2788,
    "(5, 9)": 3996,
    "(5, 11)": 4066,
    "(1, 5)": 5059,
    "(4, 5)": 4410,
    "(5, 10)": 6138,
    "(3, 6)": 1303,
    "(6, 9)": 2741,
    "(6, 11)": 2410,
    "(1, 6)": 2981,
    "(4, 6)": 2359,
    "(5, 6)": 2870,
    "(6, 10)": 3137,
    "(1, 7)": 2699,
    "(3, 7)": 817,
    "(4, 7)": 2480,
    "(5, 7)": 1932,
    "(7, 9)": 1832,
    "(7, 10)": 3097,
    "(7, 11)": 3093,
    "(6, 7)": 973,
    "(1, 8)": 3023,
    "(4, 8)": 3124,
    "(5, 8)": 2779,
    "(6, 8)": 2852,
    "(8, 9)": 3520,
    "(8, 10)": 4406,
    "(3, 8)": 1377,
    "(8, 11)": 4000,
    "(7, 8)": 1846,
    "(2, 4)": 463,
    "(2, 3)": 558,
    "(0, 1)": 3097,
    "(0, 3)": 1223,
    "(0, 4)": 3198,
    "(0, 5)": 3181,
    "(0, 8)": 4659,
    "(0, 9)": 2829,
    "(0, 10)": 4263,
    "(0, 2)": 854,
    "(2, 5)": 882,
    "(2, 8)": 718,
    "(0, 11)": 3820,
    "(0, 6)": 2623,
    "(0, 7)": 1880,
    "(2, 6)": 483,
    "(2, 7)": 211
  },
  "pbc_qubit_interaction_degree": {
    "10": 14019,
    "11": 12087,
    "9": 12477,
    "1": 9060,
    "2": 1460,
    "3": 5079,
    "4": 7234,
    "5": 6527,
    "6": 4591,
    "7": 3421,
    "8": 5881,
    "0": 5679
  },
  "pbc_avg_qubit_interaction_degree": 7292.916666666667,
  "pbc_std_qubit_interaction_degree": 3703.8888000391635,
  "pbc_max_qubit_interaction_degree": 14019,
  "pbc_interaction_graph_num_nodes": 12,
  "pbc_interaction_graph_num_edges": 66,
  "pbc_interaction_graph_is_connected": true,
  "pbc_interaction_graph_num_connected_components": 1,
  "pbc_interaction_graph_avg_degree": 11.0,
  "pbc_interaction_graph_std_degree": 0.0,
  "pbc_interaction_graph_min_degree": 11,
  "pbc_interaction_graph_max_degree": 11,
  "pbc_interaction_graph_degree_distribution": {
    "11": 12
  },
  "pbc_interaction_graph_avg_edge_weight": 3310.257575757576,
  "pbc_interaction_graph_std_edge_weight": 2271.65880060849,
  "pbc_interaction_graph_min_edge_weight": 211,
  "pbc_interaction_graph_max_edge_weight": 10893,
  "pbc_interaction_graph_total_interactions": 218477,
  "pbc_interaction_graph_edge_weight_distribution": {
    "3097": 2,
    "1223": 1,
    "3198": 1,
    "3181": 1,
    "4659": 1,
    "2829": 1,
    "4263": 1,
    "854": 1,
    "3820": 1,
    "2623": 1,
    "1880": 1,
    "7133": 1,
    "5732": 1,
    "8482": 1,
    "974": 1,
    "2746": 1,
    "6379": 1,
    "5059": 1,
    "2981": 1,
    "2699": 1,
    "3023": 1,
    "1367": 1,
    "932": 1,
    "1023": 1,
    "463": 1,
    "558": 1,
    "882": 1,
    "718": 1,
    "483": 1,
    "211": 1,
    "3911": 1,
    "3831": 1,
    "3492": 1,
    "2304": 1,
    "2788": 1,
    "1303": 1,
    "817": 1,
    "1377": 1,
    "5362": 1,
    "6870": 1,
    "5067": 1,
    "4410": 1,
    "2359": 1,
    "2480": 1,
    "3124": 1,
    "3996": 1,
    "4066": 1,
    "6138": 1,
    "2870": 1,
    "1932": 1,
    "2779": 1,
    "2741": 1,
    "2410": 1,
    "3137": 1,
    "973": 1,
    "2852": 1,
    "1832": 1,
    "3093": 1,
    "1846": 1,
    "3520": 1,
    "4406": 1,
    "4000": 1,
    "10893": 1,
    "8626": 1,
    "10303": 1
  },
  "pbc_interaction_graph_clustering_coefficient": 1.0,
  "pbc_interaction_graph_avg_shortest_path_length": 1.0,
  "pbc_interaction_graph_diameter": 1,
  "pbc_interaction_graph_modularity": 0.012760947955686254,