{
  "solovay_kitaev_recursion": 1,
  "transpilation_clifford_t_time": 21.61402177810669,
  "t_count": 0,
  "tdg_count": 22880,
  "total_t_family_count": 22880,
  "compilation_precision_digits": null,
  "two_qubit_gate_interaction_pairs": {
    "(0, 1)": 80,
    "(1, 2)": 80,
    "(2, 3)": 80,
    "(3, 4)": 80,
    "(4, 5)": 80,
    "(5, 6)": 80,
    "(6, 7)": 80,
    "(7, 8)": 80,
    "(8, 9)": 80,
    "(9, 10)": 80,
    "(10, 11)": 80,
    "(11, 12)": 80,
    "(12, 13)": 80,
    "(13, 14)": 80,
    "(14, 15)": 80,
    "(15, 16)": 80,
    "(16, 17)": 80,
    "(17, 18)": 80,
    "(18, 19)": 80,
    "(19, 20)": 80,
    "(20, 21)": 80,
    "(21, 22)": 80,
    "(22, 23)": 80,
    "(23, 24)": 80,
    "(24, 25)": 80,
    "(25, 26)": 80,
    "(26, 27)": 80,
    "(27, 28)": 80,
    "(28, 29)": 80,
    "(29, 30)": 80,
    "(30, 31)": 80,
    "(31, 32)": 80,
    "(32, 33)": 80,
    "(33, 34)": 80,
    "(34, 35)": 80,
    "(0, 35)": 80
  },
  "total_two_qubit_gates": 2880,
  "qubit_interaction_degree": {
    "0": 160,
    "1": 160,
    "2": 160,
    "3": 160,
    "4": 160,
    "5": 160,
    "6": 160,
    "7": 160,
    "8": 160,
    "9": 160,
    "10": 160,
    "11": 160,
    "12": 160,
    "13": 160,
    "14": 160,
    "15": 160,
    "16": 160,
    "17": 160,
    "18": 160,
    "19": 160,
    "20": 160,
    "21": 160,
    "22": 160,
    "23": 160,
    "24": 160,
    "25": 160,
    "26": 160,
    "27": 160,
    "28": 160,
    "29": 160,
    "30": 160,
    "31": 160,
    "32": 160,
    "33": 160,
    "34": 160,
    "35": 160
  },
  "interaction_graph_density": 4.571428571428571,
  "avg_qubit_interaction_degree": 160.0,
  "std_qubit_interaction_degree": 0.0,
  "max_qubit_interaction_degree": 160,
  "interaction_graph_num_nodes": 36,
  "interaction_graph_num_edges": 36,
  "interaction_graph_is_connected": true,
  "interaction_graph_num_connected_components": 1,
  "interaction_graph_avg_degree": 2.0,
  "interaction_graph_std_degree": 0.0,
  "interaction_graph_min_degree": 2,
  "interaction_graph_max_degree": 2,
  "interaction_graph_degree_distribution": {
    "2": 36
  },
  "interaction_graph_avg_edge_weight": 80.0,
  "interaction_graph_std_edge_weight": 0.0,
  "interaction_graph_min_edge_weight": 80,
  "interaction_graph_max_edge_weight": 80,
  "interaction_graph_total_interactions": 2880,
  "interaction_graph_edge_weight_distribution": {
    "80": 36
  },
  "interaction_graph_clustering_coefficient": 0.0,
  "interaction_graph_avg_shortest_path_length": 9.257142857142858,
  "interaction_graph_diameter": 18,
  "interaction_graph_modularity": 0.6589506172839505,
  "interaction_graph_num_communities": 7,
  "interaction_graph_community_sizes": [
    7,
    5,
    5,
    5,
    5,
    4,
    5
  ],
  "interaction_graph_communities": [
    [
      3,
      4,
      5,
      6,
      7,
      8,
      9
    ],
    [
      10,
      11,
      12,
      13,
      14
    ],
    [
      16,
      17,
      18,
      19,
      15
    ],
    [
      20,
      21,
      22,
      23,
      24
    ],
    [
      25,
      26,
      27,
      28,
      29
    ],
    [
      32,
      33,
      30,
      31
    ],
    [
      0,
      1,
      34,
      35,
      2
    ]
  ],
  "interaction_graph_avg_community_size": 5.142857142857143,
  "interaction_graph_std_community_size": 0.832993127835043,
  "interaction_graph_min_community_size": 4,
  "interaction_graph_max_community_size": 7,
  "clifford_gate_count": 20040,
  "detailed_clifford_counts": {
    "cx": 2880,
    "h": 5720,
    "s": 11440
  },
  "depth": 23600,
  "t_gates_per_qubit": {
    "1": 640,
    "2": 640,
    "3": 640,
    "4": 640,
    "5": 640,
    "6": 640,
    "7": 640,
    "8": 640,
    "9": 640,
    "10": 640,
    "11": 640,
    "12": 640,
    "13": 640,
    "14": 640,
    "15": 640,
    "16": 640,
    "17": 640,
    "18": 640,
    "19": 640,
    "20": 640,
    "21": 640,
    "22": 640,
    "23": 640,
    "24": 640,
    "25": 640,
    "26": 640,
    "27": 640,
    "28": 640,
    "29": 640,
    "30": 640,
    "31": 640,
    "32": 640,
    "33": 640,
    "34": 640,
    "35": 800,
    "0": 320
  },
  "avg_t_gates_per_qubit": 635.5555555555555,
  "std_t_gates_per_qubit": 59.46261404559845,
  "max_t_gates_on_any_qubit": 800,
  "total_gate_count": 42920,
  "num_qubits": 36,
  "fidelity": null,
  "fidelity_method": "skipped",
  "pre_opt_rotation_operators": 22880,
  "pre_opt_measurement_operators": 36,
  "pre_opt_avg_operator_pauli_weight": 1.2513527666259383,
  "pre_opt_std_operator_pauli_weight": 0.4337909096966243,
  "pre_opt_max_operator_pauli_weight": 2,
  "pre_opt_avg_qubit_interaction_degree": 320.0,
  "pre_opt_std_qubit_interaction_degree": 0.0,
  "pre_opt_max_qubit_interaction_degree": 320,
  "pbc_t_operators": 0,
  "pbc_measurement_operators": 36,
  "pbc_total_operators": 36,
  "pbc_avg_pauli_weight": 1.0,
  "pbc_std_pauli_weight": 0.0,
  "pbc_max_pauli_weight": 1,
  "pbc_min_pauli_weight": 1,
  "pbc_pauli_weight_distribution": {
    "1": 36
  },
  "pbc_multi_qubit_operator_interaction_pairs": {},
  "pbc_qubit_interaction_degree": {},
  "pbc_avg_qubit_interaction_degree": "Not computable: no multi-qubit operators",
  "pbc_std_qubit_interaction_degree": "Not computable: no multi-qubit operators",
  "pbc_max_qubit_interaction_degree": "Not computable: no multi-qubit operators",
  "pbc_interaction_graph_num_nodes": 36,
  "pbc_interaction_graph_num_edges": 36,
  "pbc_interaction_graph_is_connected": true,
  "pbc_interaction_graph_num_connected_components": 1,
  "pbc_interaction_graph_avg_degree": 2.0,
  "pbc_interaction_graph_std_degree": 0.0,
  "pbc_interaction_graph_min_degree": 2,
  "pbc_interaction_graph_max_degree": 2,
  "pbc_interaction_graph_degree_distribution": {
    "2": 36
  },
  "pbc_interaction_graph_avg_edge_weight": 160.0,
  "pbc_interaction_graph_std_edge_weight": 0.0,
  "pbc_interaction_graph_min_edge_weight": 160,
  "pbc_interaction_graph_max_edge_weight": 160,
  "pbc_interaction_graph_total_interactions": 5760,
  "pbc_interaction_graph_edge_weight_distribution": {
    "160": 36
  },
  "pbc_interaction_graph_clustering_coefficient": 0.0,
  "pbc_interaction_graph_avg_shortest_path_length": 9.257142857142858,
  "pbc_interaction_graph_diameter": 18,
  "pbc_interaction_graph_modularity": 0.6574074074074074,
  "pbc_interaction_graph_num_communities": 6,
  "pbc_interaction_graph_community_sizes": [
    5,
    8,
    5,
    5,
    5,
    8
  ],
  "pbc_interaction_graph_communities": [
    [
      0,
      1,
      2,
      3,
      35
    ],
    [
      4,
      5,
      6,
      7,
      8,
      9,
      10,
      11
    ],
    [
      16,
      12,
      13,
      14,
      15
    ],
    [
      17,
      18,
      19,
      20,
      21
    ],
    [
      22,
      23,
      24,
      25,
      26
    ],
    [
      32,
      33,
      34,
      27,
      28,
      29,
      30,
      31
    ]
  ],
  "pbc_interaction_graph_avg_community_size": 6.0,
  "pbc_interaction_graph_std_community_size": 1.4142135623730951,
  "pbc_interaction_graph_min_community_size": 5,
  "pbc_interaction_graph_max_community_size": 8,
  "pbc_total_multi_qubit_operator_applications_on_pairs": 0,
  "pre_opt_avg_rotations_per_layer": "Not computable: missing data",
  "pre_opt_num_measurement_ops": 36,
  "pre_opt_std_pauli_weight": 0.4337909096966243,
  "pre_opt_max_pauli_weight": "Not computable: missing data",
  "pbc_avg_operator_pauli_weight": 1.0,
  "pbc_std_operator_pauli_weight": 0.0,
  "pbc_max_operator_pauli_weight": 1,
  "pbc_rotation_operators": 0,
  "pbc_optimized": true,
  "pipeline": "SK",
  "parameter_type": "recursion_degree",
  "parameter_value": 1
}
