{
  "solovay_kitaev_recursion": 1,
  "transpilation_clifford_t_time": 274.6404221057892,
  "t_count": 0,
  "tdg_count": 287840,
  "total_t_family_count": 287840,
  "compilation_precision_digits": null,
  "two_qubit_gate_interaction_pairs": {
    "(0, 1)": 240,
    "(1, 2)": 240,
    "(2, 3)": 240,
    "(3, 4)": 240,
    "(4, 5)": 240,
    "(0, 6)": 240,
    "(0, 5)": 240,
    "(1, 7)": 240,
    "(6, 7)": 240,
    "(2, 8)": 240,
    "(7, 8)": 240,
    "(3, 9)": 240,
    "(8, 9)": 240,
    "(4, 10)": 240,
    "(9, 10)": 240,
    "(5, 11)": 240,
    "(10, 11)": 240,
    "(6, 12)": 240,
    "(6, 11)": 240,
    "(7, 13)": 240,
    "(12, 13)": 240,
    "(8, 14)": 240,
    "(13, 14)": 240,
    "(9, 15)": 240,
    "(14, 15)": 240,
    "(10, 16)": 240,
    "(15, 16)": 240,
    "(11, 17)": 240,
    "(16, 17)": 240,
    "(12, 18)": 240,
    "(12, 17)": 240,
    "(13, 19)": 240,
    "(18, 19)": 240,
    "(14, 20)": 240,
    "(19, 20)": 240,
    "(15, 21)": 240,
    "(20, 21)": 240,
    "(16, 22)": 240,
    "(21, 22)": 240,
    "(17, 23)": 240,
    "(22, 23)": 240,
    "(18, 24)": 240,
    "(18, 23)": 240,
    "(19, 25)": 240,
    "(24, 25)": 240,
    "(20, 26)": 240,
    "(25, 26)": 240,
    "(21, 27)": 240,
    "(26, 27)": 240,
    "(22, 28)": 240,
    "(27, 28)": 240,
    "(23, 29)": 240,
    "(28, 29)": 240,
    "(24, 30)": 240,
    "(24, 29)": 240,
    "(25, 31)": 240,
    "(30, 31)": 240,
    "(0, 30)": 240,
    "(26, 32)": 240,
    "(31, 32)": 240,
    "(1, 31)": 240,
    "(27, 33)": 240,
    "(32, 33)": 240,
    "(2, 32)": 240,
    "(28, 34)": 240,
    "(33, 34)": 240,
    "(3, 33)": 240,
    "(29, 35)": 240,
    "(34, 35)": 240,
    "(4, 34)": 240,
    "(30, 35)": 240,
    "(5, 35)": 200
  },
  "total_two_qubit_gates": 17240,
  "qubit_interaction_degree": {
    "0": 960,
    "1": 960,
    "2": 960,
    "3": 960,
    "4": 960,
    "5": 920,
    "6": 960,
    "7": 960,
    "8": 960,
    "9": 960,
    "10": 960,
    "11": 960,
    "12": 960,
    "13": 960,
    "14": 960,
    "15": 960,
    "16": 960,
    "17": 960,
    "18": 960,
    "19": 960,
    "20": 960,
    "21": 960,
    "22": 960,
    "23": 960,
    "24": 960,
    "25": 960,
    "26": 960,
    "27": 960,
    "28": 960,
    "29": 960,
    "30": 960,
    "31": 960,
    "32": 960,
    "33": 960,
    "34": 960,
    "35": 920
  },
  "interaction_graph_density": 27.365079365079364,
  "avg_qubit_interaction_degree": 957.7777777777778,
  "std_qubit_interaction_degree": 9.162456945817024,
  "max_qubit_interaction_degree": 960,
  "interaction_graph_num_nodes": 36,
  "interaction_graph_num_edges": 72,
  "interaction_graph_is_connected": true,
  "interaction_graph_num_connected_components": 1,
  "interaction_graph_avg_degree": 4.0,
  "interaction_graph_std_degree": 0.0,
  "interaction_graph_min_degree": 4,
  "interaction_graph_max_degree": 4,
  "interaction_graph_degree_distribution": {
    "4": 36
  },
  "interaction_graph_avg_edge_weight": 239.44444444444446,
  "interaction_graph_std_edge_weight": 4.681194318431309,
  "interaction_graph_min_edge_weight": 200,
  "interaction_graph_max_edge_weight": 240,
  "interaction_graph_total_interactions": 17240,
  "interaction_graph_edge_weight_distribution": {
    "240": 71,
    "200": 1
  },
  "interaction_graph_clustering_coefficient": 0.0,
  "interaction_graph_avg_shortest_path_length": 3.085714285714286,
  "interaction_graph_diameter": 6,
  "interaction_graph_modularity": 0.41608303142209613,
  "interaction_graph_num_communities": 3,
  "interaction_graph_community_sizes": [
    12,
    12,
    12
  ],
  "interaction_graph_communities": [
    [
      32,
      1,
      2,
      7,
      8,
      13,
      14,
      19,
      20,
      25,
      26,
      31
    ],
    [
      33,
      34,
      3,
      4,
      9,
      10,
      15,
      16,
      21,
      22,
      27,
      28
    ],
    [
      0,
      35,
      5,
      6,
      11,
      12,
      17,
      18,
      23,
      24,
      29,
      30
    ]
  ],
  "interaction_graph_avg_community_size": 12.0,
  "interaction_graph_std_community_size": 0.0,
  "interaction_graph_min_community_size": 12,
  "interaction_graph_max_community_size": 12,
  "clifford_gate_count": 189920,
  "detailed_clifford_counts": {
    "s": 109360,
    "h": 63320,
    "cx": 17240
  },
  "depth": 93840,
  "t_gates_per_qubit": {
    "0": 6080,
    "1": 7040,
    "2": 7040,
    "3": 7040,
    "4": 7040,
    "5": 8000,
    "6": 7040,
    "7": 8000,
    "8": 8000,
    "9": 8000,
    "10": 8000,
    "11": 8960,
    "12": 7040,
    "13": 8000,
    "14": 8000,
    "15": 8000,
    "16": 8000,
    "17": 8960,
    "18": 7040,
    "19": 8000,
    "20": 8000,
    "21": 8000,
    "22": 8000,
    "23": 8960,
    "24": 7040,
    "25": 8000,
    "26": 8000,
    "27": 8000,
    "28": 8000,
    "29": 8960,
    "30": 8000,
    "31": 8960,
    "32": 8960,
    "33": 8960,
    "34": 8960,
    "35": 9760
  },
  "avg_t_gates_per_qubit": 7995.555555555556,
  "std_t_gates_per_qubit": 773.3205618357919,
  "max_t_gates_on_any_qubit": 9760,
  "total_gate_count": 477760,
  "num_qubits": 36,
  "fidelity": null,
  "fidelity_method": "skipped",
  "pre_opt_rotation_operators": 287840,
  "pre_opt_measurement_operators": 36,
  "pre_opt_avg_operator_pauli_weight": 1.1197737914935597,
  "pre_opt_std_operator_pauli_weight": 0.32469682838736974,
  "pre_opt_max_operator_pauli_weight": 2,
  "pre_opt_avg_qubit_interaction_degree": 1915.5555555555557,
  "pre_opt_std_qubit_interaction_degree": 18.324913891634047,
  "pre_opt_max_qubit_interaction_degree": 1920,
  "pbc_t_operators": 0,
  "pbc_measurement_operators": 36,
  "pbc_total_operators": 36,
  "pbc_avg_pauli_weight": 1.0,
  "pbc_std_pauli_weight": 0.0,
  "pbc_max_pauli_weight": 1,
  "pbc_min_pauli_weight": 1,
  "pbc_pauli_weight_distribution": {
    "1": 36
  },
  "pbc_multi_qubit_operator_interaction_pairs": {},
  "pbc_qubit_interaction_degree": {},
  "pbc_avg_qubit_interaction_degree": "Not computable: no multi-qubit operators",
  "pbc_std_qubit_interaction_degree": "Not computable: no multi-qubit operators",
  "pbc_max_qubit_interaction_degree": "Not computable: no multi-qubit operators",
  "pbc_interaction_graph_num_nodes": 36,
  "pbc_interaction_graph_num_edges": 72,
  "pbc_interaction_graph_is_connected": true,
  "pbc_interaction_graph_num_connected_components": 1,
  "pbc_interaction_graph_avg_degree": 4.0,
  "pbc_interaction_graph_std_degree": 0.0,
  "pbc_interaction_graph_min_degree": 4,
  "pbc_interaction_graph_max_degree": 4,
  "pbc_interaction_graph_degree_distribution": {
    "4": 36
  },
  "pbc_interaction_graph_avg_edge_weight": 478.8888888888889,
  "pbc_interaction_graph_std_edge_weight": 9.362388636862619,
  "pbc_interaction_graph_min_edge_weight": 400,
  "pbc_interaction_graph_max_edge_weight": 480,
  "pbc_interaction_graph_total_interactions": 34480,
  "pbc_interaction_graph_edge_weight_distribution": {
    "480": 71,
    "400": 1
  },
  "pbc_interaction_graph_clustering_coefficient": 0.0,
  "pbc_interaction_graph_avg_shortest_path_length": 3.085714285714286,
  "pbc_interaction_graph_diameter": 6,
  "pbc_interaction_graph_modularity": 0.41621222969299265,
  "pbc_interaction_graph_num_communities": 4,
  "pbc_interaction_graph_community_sizes": [
    6,
    12,
    12,
    6
  ],
  "pbc_interaction_graph_communities": [
    [
      1,
      2,
      7,
      8,
      13,
      14
    ],
    [
      33,
      34,
      3,
      4,
      9,
      10,
      15,
      16,
      21,
      22,
      27,
      28
    ],
    [
      0,
      35,
      5,
      6,
      11,
      12,
      17,
      18,
      23,
      24,
      29,
      30
    ],
    [
      32,
      19,
      20,
      25,
      26,
      31
    ]
  ],
  "pbc_interaction_graph_avg_community_size": 9.0,
  "pbc_interaction_graph_std_community_size": 3.0,
  "pbc_interaction_graph_min_community_size": 6,
  "pbc_interaction_graph_max_community_size": 12,
  "pbc_total_multi_qubit_operator_applications_on_pairs": 0,