{
  "solovay_kitaev_recursion": 1,
  "transpilation_clifford_t_time": 964.0029151439667,
  "t_count": 350721,
  "tdg_count": 955108,
  "total_t_family_count": 1305829,
  "compilation_precision_digits": null,
  "two_qubit_gate_interaction_pairs": {
    "(0, 8)": 236,
    "(0, 9)": 216,
    "(8, 9)": 16830,
    "(10, 11)": 2551,
    "(0, 10)": 242,
    "(8, 10)": 12240,
    "(9, 10)": 10200,
    "(0, 11)": 122,
    "(8, 11)": 6120,
    "(9, 11)": 3060,
    "(1, 8)": 472,
    "(1, 9)": 432,
    "(1, 10)": 484,
    "(1, 11)": 244,
    "(2, 8)": 944,
    "(2, 9)": 864,
    "(2, 10)": 968,
    "(2, 11)": 488,
    "(3, 8)": 1888,
    "(3, 9)": 1728,
    "(3, 10)": 1936,
    "(3, 11)": 976,
    "(4, 8)": 3776,
    "(4, 9)": 3456,
    "(4, 10)": 3872,
    "(4, 11)": 1952,
    "(5, 8)": 7552,
    "(5, 9)": 6912,
    "(5, 10)": 7744,
    "(5, 11)": 3904,
    "(6, 8)": 15104,
    "(6, 9)": 13824,
    "(6, 10)": 15488,
    "(6, 11)": 7808,
    "(7, 8)": 30208,
    "(7, 9)": 27648,
    "(7, 10)": 30976,
    "(7, 11)": 15616,
    "(6, 7)": 2,
    "(5, 7)": 2,
    "(5, 6)": 2,
    "(4, 7)": 2,
    "(3, 7)": 2,
    "(2, 7)": 2,
    "(1, 7)": 2,
    "(0, 7)": 2,
    "(4, 6)": 2,
    "(4, 5)": 2,
    "(3, 6)": 2,
    "(2, 6)": 2,
    "(1, 6)": 2,
    "(0, 6)": 2,
    "(3, 5)": 2,
    "(3, 4)": 2,
    "(2, 5)": 2,
    "(1, 5)": 2,
    "(0, 5)": 2,
    "(2, 4)": 2,
    "(2, 3)": 2,
    "(1, 4)": 2,
    "(0, 4)": 2,
    "(1, 3)": 2,
    "(1, 2)": 2,
    "(0, 3)": 2,
    "(0, 2)": 2,
    "(0, 1)": 2
  },
  "total_two_qubit_gates": 259137,
  "qubit_interaction_degree": {
    "0": 830,
    "8": 95370,
    "9": 85170,
    "11": 42841,
    "10": 86701,
    "1": 1646,
    "2": 3278,
    "3": 6542,
    "4": 13070,
    "5": 26126,
    "6": 52238,
    "7": 104462
  },
  "interaction_graph_density": 3926.318181818182,
  "avg_qubit_interaction_degree": 43189.5,
  "std_qubit_interaction_degree": 38588.89918854039,
  "max_qubit_interaction_degree": 104462,
  "interaction_graph_num_nodes": 12,
  "interaction_graph_num_edges": 66,
  "interaction_graph_is_connected": true,
  "interaction_graph_num_connected_components": 1,
  "interaction_graph_avg_degree": 11.0,
  "interaction_graph_std_degree": 0.0,
  "interaction_graph_min_degree": 11,
  "interaction_graph_max_degree": 11,
  "interaction_graph_degree_distribution": {
    "11": 12
  },
  "interaction_graph_avg_edge_weight": 3926.318181818182,
  "interaction_graph_std_edge_weight": 7191.460527596077,
  "interaction_graph_min_edge_weight": 2,
  "interaction_graph_max_edge_weight": 30976,
  "interaction_graph_total_interactions": 259137,
  "interaction_graph_edge_weight_distribution": {
    "236": 1,
    "216": 1,
    "242": 1,
    "122": 1,
    "2": 28,
    "472": 1,
    "432": 1,
    "484": 1,
    "244": 1,
    "944": 1,
    "864": 1,
    "968": 1,
    "488": 1,
    "1888": 1,
    "1728": 1,
    "1936": 1,
    "976": 1,
    "3776": 1,
    "3456": 1,
    "3872": 1,
    "1952": 1,
    "7552": 1,
    "6912": 1,
    "7744": 1,
    "3904": 1,
    "15104": 1,
    "13824": 1,
    "15488": 1,
    "7808": 1,
    "30208": 1,
    "27648": 1,
    "30976": 1,
    "15616": 1,
    "16830": 1,
    "12240": 1,
    "6120": 1,
    "10200": 1,
    "3060": 1,
    "2551": 1
  },
  "interaction_graph_clustering_coefficient": 1.0,
  "interaction_graph_avg_shortest_path_length": 1.0,
  "interaction_graph_diameter": 1,
  "interaction_graph_modularity": 0.0,
  "interaction_graph_num_communities": 1,
  "interaction_graph_community_sizes": [
    12
  ],
  "interaction_graph_communities": [
    [
      0,
      1,
      2,
      3,
      4,
      5,
      6,
      7,
      8,
      9,
      10,
      11
    ]
  ],
  "interaction_graph_avg_community_size": 12.0,
  "interaction_graph_std_community_size": 0.0,
  "interaction_graph_min_community_size": 12,
  "interaction_graph_max_community_size": 12,
  "clifford_gate_count": 1084276,
  "detailed_clifford_counts": {
    "h": 524478,
    "s": 300657,
    "reset": 4,
    "cx": 259137
  },
  "depth": 1855476,
  "t_gates_per_qubit": {
    "0": 418,
    "1": 837,
    "2": 1664,
    "3": 3299,
    "4": 6578,
    "5": 13116,
    "6": 26197,
    "7": 52370,
    "8": 400860,
    "9": 401115,
    "10": 258097,
    "11": 141278
  },
  "avg_t_gates_per_qubit": 108819.08333333333,
  "std_t_gates_per_qubit": 149920.848446471,
  "max_t_gates_on_any_qubit": 401115,
  "total_gate_count": 2390105,
  "num_qubits": 12,
  "fidelity": null,
  "fidelity_method": "skipped",
  "pre_opt_rotation_operators": 1305829,
  "pre_opt_measurement_operators": 12,
  "pre_opt_avg_operator_pauli_weight": 4.268875766651529,
  "pre_opt_std_operator_pauli_weight": 3.1182008157465098,
  "pre_opt_max_operator_pauli_weight": 11,
  "pre_opt_avg_qubit_interaction_degree": 438839.75,
  "pre_opt_std_qubit_interaction_degree": 115450.40381561036,
  "pre_opt_max_qubit_interaction_degree": 564806,
  "pbc_t_operators": 1305829,
  "pbc_measurement_operators": 12,
  "pbc_total_operators": 1305841,
  "pbc_avg_pauli_weight": 4.268875766651529,
  "pbc_std_pauli_weight": 3.1182008157465098,
  "pbc_max_pauli_weight": 11,
  "pbc_min_pauli_weight": 1,
  "pbc_pauli_weight_distribution": {
    "1": 308396,
    "2": 341213,
    "3": 100348,
    "4": 14323,
    "5": 25524,
    "6": 51048,
    "7": 102096,
    "8": 204192,
    "9": 145609,
    "10": 11294,
    "11": 1798
  },
  "pbc_multi_qubit_operator_interaction_pairs": {
    "(0, 8)": 298349,
    "(0, 9)": 279933,
    "(8, 9)": 33852,
    "(10, 11)": 240049,
    "(0, 10)": 19745,
    "(0, 11)": 9181,
    "(8, 10)": 16320,
    "(9, 10)": 12240,
    "(8, 11)": 10200,
    "(9, 11)": 3060,
    "(1, 8)": 296998,
    "(0, 1)": 560496,
    "(1, 9)": 278718,
    "(1, 10)": 20054,
    "(1, 11)": 9467,
    "(0, 2)": 553909,
    "(1, 2)": 553906,
    "(2, 8)": 294324,
    "(2, 9)": 275892,
    "(2, 10)": 20626,
    "(2, 11)": 10069,
    "(3, 8)": 288908,
    "(0, 3)": 540709,
    "(1, 3)": 540713,
    "(2, 3)": 540710,
    "(3, 9)": 270628,
    "(3, 10)": 21816,
    "(3, 11)": 11243,
    "(0, 4)": 514333,
    "(1, 4)": 514333,
    "(2, 4)": 514337,
    "(3, 4)": 514334,
    "(4, 8)": 278228,
    "(4, 9)": 259604,
    "(4, 10)": 24150,
    "(4, 11)": 13621,
    "(5, 8)": 256572,
    "(0, 5)": 461565,
    "(1, 5)": 461565,
    "(2, 5)": 461565,
    "(3, 5)": 461569,
    "(4, 5)": 461566,
    "(5, 9)": 238164,
    "(5, 10)": 28864,
    "(5, 11)": 18347,
    "(0, 6)": 356045,
    "(1, 6)": 356045,
    "(2, 6)": 356045,
    "(3, 6)": 356045,
    "(4, 6)": 356049,
    "(5, 6)": 356046,
    "(6, 8)": 213856,
    "(6, 9)": 194336,
    "(6, 10)": 38246,
    "(6, 11)": 27829,
    "(7, 8)": 127259,
    "(0, 7)": 144989,
    "(1, 7)": 144989,
    "(2, 7)": 144989,
    "(3, 7)": 144989,
    "(4, 7)": 144989,
    "(5, 7)": 144993,
    "(6, 7)": 144990,
    "(7, 9)": 108211,
    "(7, 10)": 57056,
    "(7, 11)": 46763
  },
  "pbc_qubit_interaction_degree": {
    "0": 564806,
    "8": 404289,
    "9": 358144,
    "10": 284334,
    "11": 256199,
    "1": 562652,
    "2": 558066,
    "3": 549156,
    "4": 531070,
    "5": 495156,
    "6": 423058,
    "7": 279147
  },
  "pbc_avg_qubit_interaction_degree": 438839.75,
  "pbc_std_qubit_interaction_degree": 115450.40381561036,
  "pbc_max_qubit_interaction_degree": 564806,
  "pbc_interaction_graph_num_nodes": 12,
  "pbc_interaction_graph_num_edges": 66,
  "pbc_interaction_graph_is_connected": true,
  "pbc_interaction_graph_num_connected_components": 1,
  "pbc_interaction_graph_avg_degree": 11.0,
  "pbc_interaction_graph_std_degree": 0.0,
  "pbc_interaction_graph_min_degree": 11,
  "pbc_interaction_graph_max_degree": 11,
  "pbc_interaction_graph_degree_distribution": {
    "11": 12
  },
  "pbc_interaction_graph_avg_edge_weight": 234236.22727272726,
  "pbc_interaction_graph_std_edge_weight": 187379.11218507393,
  "pbc_interaction_graph_min_edge_weight": 3060,
  "pbc_interaction_graph_max_edge_weight": 560496,
  "pbc_interaction_graph_total_interactions": 15459591,